id,label
595328a6-6fec-4f0f-8b84-69bfd9ff9dee.jpg,"[""1 0.5 0.5 0.7 0.7""	 ""0 0.5 0.5 0.8 0.8""]"
c770ec0e-d06b-4631-8da5-ed6fe41a3424.jpg,"[""1 0.5 0.5 0.7 0.7""	 ""0 0.5 0.5 0.8 0.8""]"
6f16c375-269d-4747-93d7-a391df813d19.jpg,"[""1 0.5 0.5 0.7 0.7""	 ""0 0.5 0.5 0.8 0.8""]"
175221d2-3115-4a2d-a65f-a0a1fa373836.jpg,"[""1 0.5 0.5 0.7 0.7""	 ""0 0.5 0.5 0.8 0.8""]"
ecb9cb9b-2f57-4ccc-a746-9bd3ead3ef04.jpg,"[""1 0.5 0.5 0.7 0.7""	 ""0 0.5 0.5 0.8 0.8""]"
59141074-8bf9-45af-ae8b-bb630fd1a3f9.jpg,"[""1 0.5 0.5 0.7 0.7""	 ""0 0.5 0.5 0.8 0.8""]"
f2547915-e7f4-443c-b85c-219ffeb048ac.jpg,"[""1 0.5 0.5 0.7 0.7""	 ""0 0.5 0.5 0.8 0.8""]"
042f4f23-3a52-4dd4-a0e4-51401afc6c78.jpg,"[""1 0.5 0.5 0.7 0.7""	 ""0 0.5 0.5 0.8 0.8""]"
a9619ce5-b762-4d4b-8b94-2bb688733210.jpg,"[""1 0.5 0.5 0.7 0.7""	 ""0 0.5 0.5 0.8 0.8""]"
e83954df-7fba-49a6-86f6-ec60aeefe862.jpg,"[""1 0.5 0.5 0.7 0.7""	 ""0 0.5 0.5 0.8 0.8""]"
2f147150-79d3-4fca-9aab-a1b75feba665.jpg,"[""1 0.5 0.5 0.7 0.7""	 ""0 0.5 0.5 0.8 0.8""]"
5037d127-fb85-45d4-81a0-04e5225de522.jpg,"[""1 0.5 0.5 0.7 0.7""	 ""0 0.5 0.5 0.8 0.8""]"
bb1e40d8-6dcb-4a02-9fce-f392e430f554.jpg,"[""1 0.5 0.5 0.7 0.7""	 ""0 0.5 0.5 0.8 0.8""]"
122a7157-2062-49bd-9a87-d88fb30e0b72.jpg,"[""1 0.5 0.5 0.7 0.7""	 ""0 0.5 0.5 0.8 0.8""]"
afb0b1eb-6f0c-4d64-97a5-f168566f5461.jpg,"[""1 0.5 0.5 0.7 0.7""	 ""0 0.5 0.5 0.8 0.8""]"
d376f228-1a84-4a7d-8317-fb03879d160f.jpg,"[""1 0.5 0.5 0.7 0.7""	 ""0 0.5 0.5 0.8 0.8""]"
97913d44-8527-4b3a-95dc-fe43c6fbb050.jpg,"[""1 0.5 0.5 0.7 0.7""	 ""0 0.5 0.5 0.8 0.8""]"
7cdf968b-8b86-418d-9eab-69ebccaec014.jpg,"[""1 0.5 0.5 0.7 0.7""	 ""0 0.5 0.5 0.8 0.8""]"
b4bbbc10-1cb5-4e91-bae1-2521049902c1.jpg,"[""1 0.5 0.5 0.7 0.7""	 ""0 0.5 0.5 0.8 0.8""]"
8ad19235-3977-4399-9f71-1b2f0262e3ca.jpg,"[""1 0.5 0.5 0.7 0.7""	 ""0 0.5 0.5 0.8 0.8""]"
38a536d2-0101-415d-876d-220b4155dbc1.jpg,"[""1 0.5 0.5 0.7 0.7""	 ""0 0.5 0.5 0.8 0.8""]"
d7e0afc7-6790-4787-a29d-ab98dcb3e7e5.jpg,"[""1 0.5 0.5 0.7 0.7""	 ""0 0.5 0.5 0.8 0.8""]"
b7c28ac1-5bb1-48b8-a01d-d28848498611.jpg,"[""1 0.5 0.5 0.7 0.7""	 ""0 0.5 0.5 0.8 0.8""]"
1a7bdaa6-71f3-4772-a32a-d2c49f23c0d0.jpg,"[""1 0.5 0.5 0.7 0.7""	 ""0 0.5 0.5 0.8 0.8""]"
1ab909de-4586-40c2-911e-187dc98c3294.jpg,"[""1 0.5 0.5 0.7 0.7""	 ""0 0.5 0.5 0.8 0.8""]"
7215a60b-8520-4705-be7b-eacdd9aa55b2.jpg,"[""1 0.5 0.5 0.7 0.7""	 ""0 0.5 0.5 0.8 0.8""]"
66274702-9244-4a1e-8dbc-03a9a8da0d74.jpg,"[""1 0.5 0.5 0.7 0.7""	 ""0 0.5 0.5 0.8 0.8""]"
70f155bc-a73b-4c4c-9a0d-8fa66be77ee8.jpg,"[""1 0.5 0.5 0.7 0.7""	 ""0 0.5 0.5 0.8 0.8""]"
0fe1deea-1e38-40b9-bec4-173b1d5416f4.jpg,"[""1 0.5 0.5 0.7 0.7""	 ""0 0.5 0.5 0.8 0.8""]"
75e7a6cc-b20f-4cd8-bad3-84e052f6f7d3.jpg,"[""1 0.5 0.5 0.7 0.7""	 ""0 0.5 0.5 0.8 0.8""]"
4e4ddcd8-1182-44a8-9b05-74b84191c0a4.jpg,"[""1 0.5 0.5 0.7 0.7""	 ""0 0.5 0.5 0.8 0.8""]"
92f0ccd2-be57-4a39-ba32-597d7f3dd3b8.jpg,"[""1 0.5 0.5 0.7 0.7""	 ""0 0.5 0.5 0.8 0.8""]"
ecda4c54-15d4-4494-af7d-580f919c160a.jpg,"[""1 0.5 0.5 0.7 0.7""	 ""0 0.5 0.5 0.8 0.8""]"
ebb9d3d5-c521-4861-8603-36882548280a.jpg,"[""1 0.5 0.5 0.7 0.7""	 ""0 0.5 0.5 0.8 0.8""]"
fa9dd7ea-2bdf-4f3e-817d-0c66f24f440d.jpg,"[""1 0.5 0.5 0.7 0.7""	 ""0 0.5 0.5 0.8 0.8""]"
6fdd6b1a-e964-4f18-99e6-0df981e6c5c4.jpg,"[""1 0.5 0.5 0.7 0.7""	 ""0 0.5 0.5 0.8 0.8""]"
fbcaaf32-e52a-486a-8e8e-f6f68633e569.jpg,"[""1 0.5 0.5 0.7 0.7""	 ""0 0.5 0.5 0.8 0.8""]"
3f12573c-55db-4b5c-a5d7-55c20b3324d9.jpg,"[""1 0.5 0.5 0.7 0.7""	 ""0 0.5 0.5 0.8 0.8""]"
203c45aa-8e60-4476-9dec-f6904608a155.jpg,"[""1 0.5 0.5 0.7 0.7""	 ""0 0.5 0.5 0.8 0.8""]"
6315aedc-2605-40de-869c-719928801e98.jpg,"[""1 0.5 0.5 0.7 0.7""	 ""0 0.5 0.5 0.8 0.8""]"
d52272ba-8aa4-4cba-a512-a7b63afe5ccf.jpg,"[""1 0.5 0.5 0.7 0.7""	 ""0 0.5 0.5 0.8 0.8""]"
71c25e50-72d8-4ad6-91bb-548b9abd29a6.jpg,"[""1 0.5 0.5 0.7 0.7""	 ""0 0.5 0.5 0.8 0.8""]"
bb2660b2-296d-4720-8632-f5a101e22fc0.jpg,"[""1 0.5 0.5 0.7 0.7""	 ""0 0.5 0.5 0.8 0.8""]"
6696c415-6304-49e8-a49e-9d00ebbd6cab.jpg,"[""1 0.5 0.5 0.7 0.7""	 ""0 0.5 0.5 0.8 0.8""]"
e7e0274f-6a02-4b50-8213-7d61f42304a4.jpg,"[""1 0.5 0.5 0.7 0.7""	 ""0 0.5 0.5 0.8 0.8""]"
fc049eb6-8a3f-4ee4-b16a-4cd85f2779ad.jpg,"[""1 0.5 0.5 0.7 0.7""	 ""0 0.5 0.5 0.8 0.8""]"
08e11f55-2ea7-46ea-a959-52c7b5646230.jpg,"[""1 0.5 0.5 0.7 0.7""	 ""0 0.5 0.5 0.8 0.8""]"
7673d600-f5f9-45dd-a022-22d72af8abdf.jpg,"[""1 0.5 0.5 0.7 0.7""	 ""0 0.5 0.5 0.8 0.8""]"
56c5f502-d659-4cd5-a5c5-eddcc4b20965.jpg,"[""1 0.5 0.5 0.7 0.7""	 ""0 0.5 0.5 0.8 0.8""]"
41526245-45ea-4828-bae7-ed5f66ee032d.jpg,"[""1 0.5 0.5 0.7 0.7""	 ""0 0.5 0.5 0.8 0.8""]"
fbf55fd4-7679-4676-a45b-3252a4774b04.jpg,"[""1 0.5 0.5 0.7 0.7""	 ""0 0.5 0.5 0.8 0.8""]"
4894791d-df3b-41fd-870d-715056013da0.jpg,"[""1 0.5 0.5 0.7 0.7""	 ""0 0.5 0.5 0.8 0.8""]"
134106ca-fe50-4173-886e-2b6693ee0583.jpg,"[""1 0.5 0.5 0.7 0.7""	 ""0 0.5 0.5 0.8 0.8""]"
8f438907-647a-4629-9c96-fdbf16c57d0c.jpg,"[""1 0.5 0.5 0.7 0.7""	 ""0 0.5 0.5 0.8 0.8""]"
e3c1c14b-5714-4f44-8b4e-eb085681d714.jpg,"[""1 0.5 0.5 0.7 0.7""	 ""0 0.5 0.5 0.8 0.8""]"
86906939-0042-4f60-8dfc-ff7a00bc8625.jpg,"[""1 0.5 0.5 0.7 0.7""	 ""0 0.5 0.5 0.8 0.8""]"
4e1b442c-694a-4208-a696-5bd6b05ab8e3.jpg,"[""1 0.5 0.5 0.7 0.7""	 ""0 0.5 0.5 0.8 0.8""]"
17cdf2da-a9a6-49b2-a0e2-33b300f253ab.jpg,"[""1 0.5 0.5 0.7 0.7""	 ""0 0.5 0.5 0.8 0.8""]"
200fd4cb-266b-4ca7-81b6-836d9b100b59.jpg,"[""1 0.5 0.5 0.7 0.7""	 ""0 0.5 0.5 0.8 0.8""]"
ea268302-e9fd-4bb2-a0f7-6f4b06b7ebe4.jpg,"[""1 0.5 0.5 0.7 0.7""	 ""0 0.5 0.5 0.8 0.8""]"
1d22ecfd-ab27-429f-8362-195e726a9637.jpg,"[""1 0.5 0.5 0.7 0.7""	 ""0 0.5 0.5 0.8 0.8""]"
2d1c86d2-6e0a-4f77-86d1-dff04d64ba48.jpg,"[""1 0.5 0.5 0.7 0.7""	 ""0 0.5 0.5 0.8 0.8""]"
09848880-9a8f-4130-9412-74dde1ba623e.jpg,"[""1 0.5 0.5 0.7 0.7""	 ""0 0.5 0.5 0.8 0.8""]"
22e7f34a-5e2e-4cfd-9764-a31502578e58.jpg,"[""1 0.5 0.5 0.7 0.7""	 ""0 0.5 0.5 0.8 0.8""]"
7cb0b25a-51a9-4a53-9ece-2ccd81db3f45.jpg,"[""1 0.5 0.5 0.7 0.7""	 ""0 0.5 0.5 0.8 0.8""]"
4fcbb671-4547-4519-ac51-ebc1153a3804.jpg,"[""1 0.5 0.5 0.7 0.7""	 ""0 0.5 0.5 0.8 0.8""]"
3e68480e-da94-412f-9198-4d5e669aa8cf.jpg,"[""1 0.5 0.5 0.7 0.7""	 ""0 0.5 0.5 0.8 0.8""]"
c45e0065-601d-431e-a4a9-2db86d81d61c.jpg,"[""1 0.5 0.5 0.7 0.7""	 ""0 0.5 0.5 0.8 0.8""]"
164ddbb0-b0c2-4909-85f6-348f8996cd3d.jpg,"[""1 0.5 0.5 0.7 0.7""	 ""0 0.5 0.5 0.8 0.8""]"
c73818f1-fe66-416e-a6fc-4eaa4f05b27d.jpg,"[""1 0.5 0.5 0.7 0.7""	 ""0 0.5 0.5 0.8 0.8""]"
742d6e81-afdc-4655-aff8-33cd4fa28577.jpg,"[""1 0.5 0.5 0.7 0.7""	 ""0 0.5 0.5 0.8 0.8""]"
56ad5642-10ea-4e3c-a277-77067f157f6e.jpg,"[""1 0.5 0.5 0.7 0.7""	 ""0 0.5 0.5 0.8 0.8""]"
d00f5485-c057-422c-8cad-415d9ceb0ee3.jpg,"[""1 0.5 0.5 0.7 0.7""	 ""0 0.5 0.5 0.8 0.8""]"
5c64d085-d268-443e-bc30-f113df66c8f7.jpg,"[""1 0.5 0.5 0.7 0.7""	 ""0 0.5 0.5 0.8 0.8""]"
d79233a9-a916-4d6f-9443-a74c3e163cb3.jpg,"[""1 0.5 0.5 0.7 0.7""	 ""0 0.5 0.5 0.8 0.8""]"
f499c191-fe91-42df-9db2-5f7f4596d5a0.jpg,"[""1 0.5 0.5 0.7 0.7""	 ""0 0.5 0.5 0.8 0.8""]"
431a26d0-3497-46c5-bf08-7af6bcf1c1c6.jpg,"[""1 0.5 0.5 0.7 0.7""	 ""0 0.5 0.5 0.8 0.8""]"
c9ea0e44-61d6-4eb2-8482-999734a84e8b.jpg,"[""1 0.5 0.5 0.7 0.7""	 ""0 0.5 0.5 0.8 0.8""]"
c28a5f0f-858f-4241-afcd-42332f19c482.jpg,"[""1 0.5 0.5 0.7 0.7""	 ""0 0.5 0.5 0.8 0.8""]"
30644c5d-f678-4b25-8fa2-a52b52ab0d07.jpg,"[""1 0.5 0.5 0.7 0.7""	 ""0 0.5 0.5 0.8 0.8""]"
b8d19230-07f4-4c4d-a1b2-ec78d1116188.jpg,"[""1 0.5 0.5 0.7 0.7""	 ""0 0.5 0.5 0.8 0.8""]"
f17dab9e-14bd-4262-ba48-ecbdceb52698.jpg,"[""1 0.5 0.5 0.7 0.7""	 ""0 0.5 0.5 0.8 0.8""]"
362df0b1-31f7-4f84-a758-10f584e7588a.jpg,"[""1 0.5 0.5 0.7 0.7""	 ""0 0.5 0.5 0.8 0.8""]"
6fa0dacd-7aa9-4380-b6fc-11774b2c09a8.jpg,"[""1 0.5 0.5 0.7 0.7""	 ""0 0.5 0.5 0.8 0.8""]"
c120572a-357b-4675-a9c9-c63b9be14d69.jpg,"[""1 0.5 0.5 0.7 0.7""	 ""0 0.5 0.5 0.8 0.8""]"
35a5694d-5ddb-40b2-9f6b-5eeb93590ac1.jpg,"[""1 0.5 0.5 0.7 0.7""	 ""0 0.5 0.5 0.8 0.8""]"
45bb2141-674f-4c37-99b1-29d3304ac48b.jpg,"[""1 0.5 0.5 0.7 0.7""	 ""0 0.5 0.5 0.8 0.8""]"
392c62db-99ab-4576-9981-750d2234a3de.jpg,"[""1 0.5 0.5 0.7 0.7""	 ""0 0.5 0.5 0.8 0.8""]"
c3f760c6-ed01-4a49-afb7-91f9512d7a09.jpg,"[""1 0.5 0.5 0.7 0.7""	 ""0 0.5 0.5 0.8 0.8""]"
eb7a3daa-09db-413f-afa2-62f4cbab80fd.jpg,"[""1 0.5 0.5 0.7 0.7""	 ""0 0.5 0.5 0.8 0.8""]"
cdeeb782-988a-427c-9949-482ac1d24ea0.jpg,"[""1 0.5 0.5 0.7 0.7""	 ""0 0.5 0.5 0.8 0.8""]"
d9fe54da-ec50-47fb-a1a0-59a2662d42d5.jpg,"[""1 0.5 0.5 0.7 0.7""	 ""0 0.5 0.5 0.8 0.8""]"
7743fd29-2ded-4183-9655-b3ab49352906.jpg,"[""1 0.5 0.5 0.7 0.7""	 ""0 0.5 0.5 0.8 0.8""]"
87f13774-2428-4786-8ae8-64ab4941bbd0.jpg,"[""1 0.5 0.5 0.7 0.7""	 ""0 0.5 0.5 0.8 0.8""]"
0f65bfe0-1fdb-4d6d-a42c-0b49b0a8e4e4.jpg,"[""1 0.5 0.5 0.7 0.7""	 ""0 0.5 0.5 0.8 0.8""]"
98be2304-9230-4876-bf04-c38b72244a3f.jpg,"[""1 0.5 0.5 0.7 0.7""	 ""0 0.5 0.5 0.8 0.8""]"
14492733-6b8e-4178-8149-67a0fcd64a0e.jpg,"[""1 0.5 0.5 0.7 0.7""	 ""0 0.5 0.5 0.8 0.8""]"
56ef6586-b35f-47c9-a895-37dfe22815cc.jpg,"[""1 0.5 0.5 0.7 0.7""	 ""0 0.5 0.5 0.8 0.8""]"
8f3ad462-258e-4a56-9f09-01aca9c2b5a9.jpg,"[""1 0.5 0.5 0.7 0.7""	 ""0 0.5 0.5 0.8 0.8""]"
1992e775-9bbd-4b06-9b6d-b4e5b5bac286.jpg,"[""1 0.5 0.5 0.7 0.7""	 ""0 0.5 0.5 0.8 0.8""]"
bb9c705c-fdef-4739-a6c6-1c57691eab27.jpg,"[""1 0.5 0.5 0.7 0.7""	 ""0 0.5 0.5 0.8 0.8""]"
77a02da3-6c80-40a2-ac11-866b999a8ddb.jpg,"[""1 0.5 0.5 0.7 0.7""	 ""0 0.5 0.5 0.8 0.8""]"
0cfd6c53-1299-4340-99bb-2d6ecb55fdba.jpg,"[""1 0.5 0.5 0.7 0.7""	 ""0 0.5 0.5 0.8 0.8""]"
271e89e7-b057-41df-93e0-f71be3ca8992.jpg,"[""1 0.5 0.5 0.7 0.7""	 ""0 0.5 0.5 0.8 0.8""]"
71f3709d-fc0c-4fca-afe5-fd1d4180826d.jpg,"[""1 0.5 0.5 0.7 0.7""	 ""0 0.5 0.5 0.8 0.8""]"
df1b2389-de73-4f97-b325-aa778d13e3f6.jpg,"[""1 0.5 0.5 0.7 0.7""	 ""0 0.5 0.5 0.8 0.8""]"
c1f808b8-0d81-4079-b84d-d7b61a86f2eb.jpg,"[""1 0.5 0.5 0.7 0.7""	 ""0 0.5 0.5 0.8 0.8""]"
ab75c722-966a-429a-a3a3-4c386ba217a7.jpg,"[""1 0.5 0.5 0.7 0.7""	 ""0 0.5 0.5 0.8 0.8""]"
0b9b0c37-c37a-4e33-b1a9-d9c4e814945e.jpg,"[""1 0.5 0.5 0.7 0.7""	 ""0 0.5 0.5 0.8 0.8""]"
2982e7e5-c85d-449c-acc3-8c6f43b139df.jpg,"[""1 0.5 0.5 0.7 0.7""	 ""0 0.5 0.5 0.8 0.8""]"
b379c706-f00a-4189-94c3-b0ce4a102f90.jpg,"[""1 0.5 0.5 0.7 0.7""	 ""0 0.5 0.5 0.8 0.8""]"
de5a5dbb-e89c-4713-8ff1-0b80699b0fc2.jpg,"[""1 0.5 0.5 0.7 0.7""	 ""0 0.5 0.5 0.8 0.8""]"
625b73c3-0f65-470f-b611-de05d476468f.jpg,"[""1 0.5 0.5 0.7 0.7""	 ""0 0.5 0.5 0.8 0.8""]"
7f62924a-2c55-44fb-ace7-317717a52877.jpg,"[""1 0.5 0.5 0.7 0.7""	 ""0 0.5 0.5 0.8 0.8""]"
dd412987-e1d9-4b0c-a299-096217c57be9.jpg,"[""1 0.5 0.5 0.7 0.7""	 ""0 0.5 0.5 0.8 0.8""]"
1fe4c4d7-d13c-4cb4-b8a8-6cbaa8f3d011.jpg,"[""1 0.5 0.5 0.7 0.7""	 ""0 0.5 0.5 0.8 0.8""]"
d7144174-ff46-46ec-840c-a5238f465a22.jpg,"[""1 0.5 0.5 0.7 0.7""	 ""0 0.5 0.5 0.8 0.8""]"
ed56eecf-2314-49b2-9211-7a0c17295358.jpg,"[""1 0.5 0.5 0.7 0.7""	 ""0 0.5 0.5 0.8 0.8""]"
14da8bc7-19d9-4611-8df0-b5751fc6782e.jpg,"[""1 0.5 0.5 0.7 0.7""	 ""0 0.5 0.5 0.8 0.8""]"
e5d4018b-c3c8-40ac-8b12-15c8e9702daf.jpg,"[""1 0.5 0.5 0.7 0.7""	 ""0 0.5 0.5 0.8 0.8""]"
ca66af06-3761-45d4-ac35-f3477a3ed744.jpg,"[""1 0.5 0.5 0.7 0.7""	 ""0 0.5 0.5 0.8 0.8""]"
22779297-4848-44e6-a817-4e138d48972f.jpg,"[""1 0.5 0.5 0.7 0.7""	 ""0 0.5 0.5 0.8 0.8""]"
dd4450e7-2328-4038-b43b-f8a5ab45c3fc.jpg,"[""1 0.5 0.5 0.7 0.7""	 ""0 0.5 0.5 0.8 0.8""]"
1e4bcaef-94a5-4d9b-8310-15ea159fe1e8.jpg,"[""1 0.5 0.5 0.7 0.7""	 ""0 0.5 0.5 0.8 0.8""]"
575bc5cf-791e-48e5-a3c9-f74137211e9c.jpg,"[""1 0.5 0.5 0.7 0.7""	 ""0 0.5 0.5 0.8 0.8""]"
75595904-07b5-446c-a68a-f3c37be0bcf7.jpg,"[""1 0.5 0.5 0.7 0.7""	 ""0 0.5 0.5 0.8 0.8""]"
a3a1ac6d-ca8a-49a2-9a6a-ffe97042070a.jpg,"[""1 0.5 0.5 0.7 0.7""	 ""0 0.5 0.5 0.8 0.8""]"
2321e667-87bf-4db6-8177-fe85d949867a.jpg,"[""1 0.5 0.5 0.7 0.7""	 ""0 0.5 0.5 0.8 0.8""]"
0a6d1690-debf-401b-9b40-8bf5f4ca1f06.jpg,"[""1 0.5 0.5 0.7 0.7""	 ""0 0.5 0.5 0.8 0.8""]"
0aa00e72-9284-4344-9f9c-305bc02fa336.jpg,"[""1 0.5 0.5 0.7 0.7""	 ""0 0.5 0.5 0.8 0.8""]"
cf819ff2-41e9-46b3-94fc-d7ac7a7ce639.jpg,"[""1 0.5 0.5 0.7 0.7""	 ""0 0.5 0.5 0.8 0.8""]"
44076ba5-0afd-44e4-9a48-d64b18d16659.jpg,"[""1 0.5 0.5 0.7 0.7""	 ""0 0.5 0.5 0.8 0.8""]"
e8aa0d29-32cd-47bf-9ea5-d8483fd33f7c.jpg,"[""1 0.5 0.5 0.7 0.7""	 ""0 0.5 0.5 0.8 0.8""]"
661b454c-b540-411c-93fb-5275de29a4fe.jpg,"[""1 0.5 0.5 0.7 0.7""	 ""0 0.5 0.5 0.8 0.8""]"
9569c5fc-a923-41aa-bd1e-3161edf41fca.jpg,"[""1 0.5 0.5 0.7 0.7""	 ""0 0.5 0.5 0.8 0.8""]"
3b41587c-c215-4c00-a182-d70ccc88d2cc.jpg,"[""1 0.5 0.5 0.7 0.7""	 ""0 0.5 0.5 0.8 0.8""]"
1a33125f-6da6-4ae3-81b0-e3326f76e91f.jpg,"[""1 0.5 0.5 0.7 0.7""	 ""0 0.5 0.5 0.8 0.8""]"
1b15d6aa-d982-4b5b-b0af-62ba35501b2d.jpg,"[""1 0.5 0.5 0.7 0.7""	 ""0 0.5 0.5 0.8 0.8""]"
83a08865-96d8-49a4-b5b0-ecfbee453e60.jpg,"[""1 0.5 0.5 0.7 0.7""	 ""0 0.5 0.5 0.8 0.8""]"
85d5e459-2f9d-4423-84e1-b13de7f17cba.jpg,"[""1 0.5 0.5 0.7 0.7""	 ""0 0.5 0.5 0.8 0.8""]"
b90a87a4-12a9-4f77-970d-854706a72720.jpg,"[""1 0.5 0.5 0.7 0.7""	 ""0 0.5 0.5 0.8 0.8""]"
c53b92a4-79cb-488d-a8eb-26b558914be0.jpg,"[""1 0.5 0.5 0.7 0.7""	 ""0 0.5 0.5 0.8 0.8""]"
2315e91d-1f2e-43db-93b5-2b4688766516.jpg,"[""1 0.5 0.5 0.7 0.7""	 ""0 0.5 0.5 0.8 0.8""]"
d6500ca7-213a-4217-a3d5-5e9bfb86c204.jpg,"[""1 0.5 0.5 0.7 0.7""	 ""0 0.5 0.5 0.8 0.8""]"
a91d0d40-eb93-48a5-bb86-e4fdab3ef690.jpg,"[""1 0.5 0.5 0.7 0.7""	 ""0 0.5 0.5 0.8 0.8""]"
a76cd8ca-ce85-4944-a3ca-865f16a5a251.jpg,"[""1 0.5 0.5 0.7 0.7""	 ""0 0.5 0.5 0.8 0.8""]"
dc7267e4-ffdb-451e-a645-8107cf0fb4be.jpg,"[""1 0.5 0.5 0.7 0.7""	 ""0 0.5 0.5 0.8 0.8""]"
96824376-a925-4c90-bbcc-96f60c90a4ae.jpg,"[""1 0.5 0.5 0.7 0.7""	 ""0 0.5 0.5 0.8 0.8""]"
b5c4fe53-1016-4e4a-9b23-35582e8e04c5.jpg,"[""1 0.5 0.5 0.7 0.7""	 ""0 0.5 0.5 0.8 0.8""]"
a4537fa9-0f55-4b04-abe1-c7cfe8032e45.jpg,"[""1 0.5 0.5 0.7 0.7""	 ""0 0.5 0.5 0.8 0.8""]"
ae40faa2-ce3e-4a4a-ac40-1c0f6636c859.jpg,"[""1 0.5 0.5 0.7 0.7""	 ""0 0.5 0.5 0.8 0.8""]"
3398109c-fae1-4c3c-bfe6-839cbd7ef3d9.jpg,"[""1 0.5 0.5 0.7 0.7""	 ""0 0.5 0.5 0.8 0.8""]"
24126dae-4195-4f31-9c72-f95f39e41e05.jpg,"[""1 0.5 0.5 0.7 0.7""	 ""0 0.5 0.5 0.8 0.8""]"
df752e6a-2479-474c-b7ca-04f73ec77c24.jpg,"[""1 0.5 0.5 0.7 0.7""	 ""0 0.5 0.5 0.8 0.8""]"
baebf076-75c4-4aa3-9c60-386d0e4bc44a.jpg,"[""1 0.5 0.5 0.7 0.7""	 ""0 0.5 0.5 0.8 0.8""]"
d43c70a1-7635-4478-801b-74e6e442215a.jpg,"[""1 0.5 0.5 0.7 0.7""	 ""0 0.5 0.5 0.8 0.8""]"
f604f6a7-188a-4953-b464-1a58e6374222.jpg,"[""1 0.5 0.5 0.7 0.7""	 ""0 0.5 0.5 0.8 0.8""]"
081b94aa-d3d8-4a54-b586-73b872f46d0d.jpg,"[""1 0.5 0.5 0.7 0.7""	 ""0 0.5 0.5 0.8 0.8""]"
7b3e275c-4a44-44ba-b717-8b76efe1d015.jpg,"[""1 0.5 0.5 0.7 0.7""	 ""0 0.5 0.5 0.8 0.8""]"
10f71b2e-b70c-4f91-80de-8cd12c86bae4.jpg,"[""1 0.5 0.5 0.7 0.7""	 ""0 0.5 0.5 0.8 0.8""]"
fb3a3fd0-5cde-468b-a5c1-61e2d6a63158.jpg,"[""1 0.5 0.5 0.7 0.7""	 ""0 0.5 0.5 0.8 0.8""]"
e58440b7-faaf-414d-999c-18076cd0913b.jpg,"[""1 0.5 0.5 0.7 0.7""	 ""0 0.5 0.5 0.8 0.8""]"
7a497baa-b5ee-4597-9206-ca17846eb078.jpg,"[""1 0.5 0.5 0.7 0.7""	 ""0 0.5 0.5 0.8 0.8""]"
bc2dc3f6-ceba-4984-ae71-2cbe155c7aa5.jpg,"[""1 0.5 0.5 0.7 0.7""	 ""0 0.5 0.5 0.8 0.8""]"
79d46302-04b4-4906-97d7-1a16009b1d2e.jpg,"[""1 0.5 0.5 0.7 0.7""	 ""0 0.5 0.5 0.8 0.8""]"
85f7c4a2-c48b-4207-80fc-95e21d9d485c.jpg,"[""1 0.5 0.5 0.7 0.7""	 ""0 0.5 0.5 0.8 0.8""]"
cb774692-1386-4fb4-9f8d-cfc186ff5fd2.jpg,"[""1 0.5 0.5 0.7 0.7""	 ""0 0.5 0.5 0.8 0.8""]"
f566e5f4-c0d7-4541-b643-0da03a9d315c.jpg,"[""1 0.5 0.5 0.7 0.7""	 ""0 0.5 0.5 0.8 0.8""]"
e16d3e2f-e77d-48b8-b848-0a0798aba597.jpg,"[""1 0.5 0.5 0.7 0.7""	 ""0 0.5 0.5 0.8 0.8""]"
6bae7f0c-c26f-493c-9c08-2a83deb788c2.jpg,"[""1 0.5 0.5 0.7 0.7""	 ""0 0.5 0.5 0.8 0.8""]"
74439d29-c905-48d6-aa95-0adcf34b0819.jpg,"[""1 0.5 0.5 0.7 0.7""	 ""0 0.5 0.5 0.8 0.8""]"
584ed823-b38b-4001-a0b5-658081bd4b84.jpg,"[""1 0.5 0.5 0.7 0.7""	 ""0 0.5 0.5 0.8 0.8""]"
cc287112-edcd-4c4b-86ba-94a8da1a4bca.jpg,"[""1 0.5 0.5 0.7 0.7""	 ""0 0.5 0.5 0.8 0.8""]"
38ed0408-3688-4b96-b207-fc9d2c441236.jpg,"[""1 0.5 0.5 0.7 0.7""	 ""0 0.5 0.5 0.8 0.8""]"
b223ceb9-1412-4cee-a4f3-9c1c45332797.jpg,"[""1 0.5 0.5 0.7 0.7""	 ""0 0.5 0.5 0.8 0.8""]"
ea21a33b-8693-44db-8e7d-9ece1f8ab956.jpg,"[""1 0.5 0.5 0.7 0.7""	 ""0 0.5 0.5 0.8 0.8""]"
421db02a-4863-4acc-921d-87eccf6178f4.jpg,"[""1 0.5 0.5 0.7 0.7""	 ""0 0.5 0.5 0.8 0.8""]"
aa5db79d-dc8f-4c5e-90bf-373bc44479a1.jpg,"[""1 0.5 0.5 0.7 0.7""	 ""0 0.5 0.5 0.8 0.8""]"
d6ad284c-a3d0-481b-b47e-889c8c2d9788.jpg,"[""1 0.5 0.5 0.7 0.7""	 ""0 0.5 0.5 0.8 0.8""]"
f6176ec2-ba79-44d3-abf2-8a0aff7c6685.jpg,"[""1 0.5 0.5 0.7 0.7""	 ""0 0.5 0.5 0.8 0.8""]"
0896cfaf-ef2e-430a-8c96-5ba50af52a44.jpg,"[""1 0.5 0.5 0.7 0.7""	 ""0 0.5 0.5 0.8 0.8""]"
f57846ee-4833-4e58-ac58-ee75fe8e5efd.jpg,"[""1 0.5 0.5 0.7 0.7""	 ""0 0.5 0.5 0.8 0.8""]"
f7501ef9-e320-4314-b739-3b9893201e65.jpg,"[""1 0.5 0.5 0.7 0.7""	 ""0 0.5 0.5 0.8 0.8""]"
84e6bbdf-4560-4f5d-b483-067479c92c67.jpg,"[""1 0.5 0.5 0.7 0.7""	 ""0 0.5 0.5 0.8 0.8""]"
24368680-964a-4761-a429-955b0e119700.jpg,"[""1 0.5 0.5 0.7 0.7""	 ""0 0.5 0.5 0.8 0.8""]"
91f83331-fb3d-4bff-9e9a-f8fc26d2a50e.jpg,"[""1 0.5 0.5 0.7 0.7""	 ""0 0.5 0.5 0.8 0.8""]"
5fbb3f62-9e5f-4eb0-993c-bc191d17c583.jpg,"[""1 0.5 0.5 0.7 0.7""	 ""0 0.5 0.5 0.8 0.8""]"
f04503e7-a87a-4e81-845a-e24a7b1676bd.jpg,"[""1 0.5 0.5 0.7 0.7""	 ""0 0.5 0.5 0.8 0.8""]"
ddd7c9a0-9125-4071-a786-84b21997bf45.jpg,"[""1 0.5 0.5 0.7 0.7""	 ""0 0.5 0.5 0.8 0.8""]"
cc399618-a456-44a7-8995-289d974066a7.jpg,"[""1 0.5 0.5 0.7 0.7""	 ""0 0.5 0.5 0.8 0.8""]"
222d2a6e-8c87-4ce9-9313-399666e2060b.jpg,"[""1 0.5 0.5 0.7 0.7""	 ""0 0.5 0.5 0.8 0.8""]"
7a661991-6812-4440-aa06-6a2ff7663df5.jpg,"[""1 0.5 0.5 0.7 0.7""	 ""0 0.5 0.5 0.8 0.8""]"
2666971b-2229-47dd-9764-21176a0c0252.jpg,"[""1 0.5 0.5 0.7 0.7""	 ""0 0.5 0.5 0.8 0.8""]"
8cd67f9e-3fea-4a05-8d71-d8795f3183a9.jpg,"[""1 0.5 0.5 0.7 0.7""	 ""0 0.5 0.5 0.8 0.8""]"
71947e5b-4464-4eb3-82ef-c8bfd1cea0f5.jpg,"[""1 0.5 0.5 0.7 0.7""	 ""0 0.5 0.5 0.8 0.8""]"
080908fe-463d-4326-a7dc-0502436602e5.jpg,"[""1 0.5 0.5 0.7 0.7""	 ""0 0.5 0.5 0.8 0.8""]"
6c05eeca-3d68-4cf9-bfa9-bfa0ad6337c1.jpg,"[""1 0.5 0.5 0.7 0.7""	 ""0 0.5 0.5 0.8 0.8""]"
c9fb458b-c327-490c-ab9f-56dbbcbdf4a3.jpg,"[""1 0.5 0.5 0.7 0.7""	 ""0 0.5 0.5 0.8 0.8""]"
ae1d4ffe-7609-4c35-880c-4aa3a6701b96.jpg,"[""1 0.5 0.5 0.7 0.7""	 ""0 0.5 0.5 0.8 0.8""]"
12114975-9d82-48dd-8bed-ad3213261950.jpg,"[""1 0.5 0.5 0.7 0.7""	 ""0 0.5 0.5 0.8 0.8""]"
9f800079-455f-468f-b9cc-47cd4e2cb8a2.jpg,"[""1 0.5 0.5 0.7 0.7""	 ""0 0.5 0.5 0.8 0.8""]"
e9370032-be5f-48b5-9ead-dc65186a20bd.jpg,"[""1 0.5 0.5 0.7 0.7""	 ""0 0.5 0.5 0.8 0.8""]"
0962ea96-c96b-4fba-89ac-805fff12807f.jpg,"[""1 0.5 0.5 0.7 0.7""	 ""0 0.5 0.5 0.8 0.8""]"
c8a58cd9-cf3a-4344-bcdf-bbda82c0d2b9.jpg,"[""1 0.5 0.5 0.7 0.7""	 ""0 0.5 0.5 0.8 0.8""]"
447632b2-d157-487f-bcb9-dd4cc3ffe984.jpg,"[""1 0.5 0.5 0.7 0.7""	 ""0 0.5 0.5 0.8 0.8""]"
ca0d8fc3-6ab5-4cfb-972d-b483c0098666.jpg,"[""1 0.5 0.5 0.7 0.7""	 ""0 0.5 0.5 0.8 0.8""]"
5b045afe-51fc-4d82-ae4d-6b5a25dd222e.jpg,"[""1 0.5 0.5 0.7 0.7""	 ""0 0.5 0.5 0.8 0.8""]"
3acb6622-f1c3-4df1-81ce-adc298ae3ec5.jpg,"[""1 0.5 0.5 0.7 0.7""	 ""0 0.5 0.5 0.8 0.8""]"
343ccd42-25d1-43de-b997-993d882190ad.jpg,"[""1 0.5 0.5 0.7 0.7""	 ""0 0.5 0.5 0.8 0.8""]"
6d6c3041-57e5-433e-9c35-c6b134cac966.jpg,"[""1 0.5 0.5 0.7 0.7""	 ""0 0.5 0.5 0.8 0.8""]"
84f4cd3c-edd6-47c1-98fe-591942468034.jpg,"[""1 0.5 0.5 0.7 0.7""	 ""0 0.5 0.5 0.8 0.8""]"
98d798da-2426-4faa-9a62-d59025906c49.jpg,"[""1 0.5 0.5 0.7 0.7""	 ""0 0.5 0.5 0.8 0.8""]"
506044d6-f03c-4c01-83b8-cf5f8f013847.jpg,"[""1 0.5 0.5 0.7 0.7""	 ""0 0.5 0.5 0.8 0.8""]"
4741cd15-6433-498a-9a87-e4adcd7e643e.jpg,"[""1 0.5 0.5 0.7 0.7""	 ""0 0.5 0.5 0.8 0.8""]"
31109bda-3ce7-4619-8ad1-47858f3e775e.jpg,"[""1 0.5 0.5 0.7 0.7""	 ""0 0.5 0.5 0.8 0.8""]"
f783623c-ec05-4b4e-8f33-3e6e8a673b10.jpg,"[""1 0.5 0.5 0.7 0.7""	 ""0 0.5 0.5 0.8 0.8""]"
902f3a56-16ef-48a4-b837-0845a8149f17.jpg,"[""1 0.5 0.5 0.7 0.7""	 ""0 0.5 0.5 0.8 0.8""]"
8b9da067-8a39-4410-8176-3a83b5e2a218.jpg,"[""1 0.5 0.5 0.7 0.7""	 ""0 0.5 0.5 0.8 0.8""]"
3371f010-3bfc-4145-8450-396bf7c37416.jpg,"[""1 0.5 0.5 0.7 0.7""	 ""0 0.5 0.5 0.8 0.8""]"
8e7ce794-f655-4e97-90b7-20cb823de97b.jpg,"[""1 0.5 0.5 0.7 0.7""	 ""0 0.5 0.5 0.8 0.8""]"
17a1e33b-47cb-447f-b0b9-22de4471381c.jpg,"[""1 0.5 0.5 0.7 0.7""	 ""0 0.5 0.5 0.8 0.8""]"
f322e6a6-4114-48de-8307-db9e73bd1b22.jpg,"[""1 0.5 0.5 0.7 0.7""	 ""0 0.5 0.5 0.8 0.8""]"
1e76f9d8-9061-423b-a147-f34e5f75ccfa.jpg,"[""1 0.5 0.5 0.7 0.7""	 ""0 0.5 0.5 0.8 0.8""]"
9b465cff-8d75-4e7d-9cf8-7377e1de2870.jpg,"[""1 0.5 0.5 0.7 0.7""	 ""0 0.5 0.5 0.8 0.8""]"
98421a23-afae-48a5-b11d-72d011993f47.jpg,"[""1 0.5 0.5 0.7 0.7""	 ""0 0.5 0.5 0.8 0.8""]"
8762cb50-0731-4f46-8e05-39ecd40a5330.jpg,"[""1 0.5 0.5 0.7 0.7""	 ""0 0.5 0.5 0.8 0.8""]"
31d7d11f-ab55-491f-8faf-faf0c29fa205.jpg,"[""1 0.5 0.5 0.7 0.7""	 ""0 0.5 0.5 0.8 0.8""]"
7a5bc78b-2764-4d89-9be9-46d3fb240e6a.jpg,"[""1 0.5 0.5 0.7 0.7""	 ""0 0.5 0.5 0.8 0.8""]"
7a726f56-70eb-4fc2-b897-1faf4e04427b.jpg,"[""1 0.5 0.5 0.7 0.7""	 ""0 0.5 0.5 0.8 0.8""]"
5b7035ef-8189-4d96-b7e9-5f5a24f87ed5.jpg,"[""1 0.5 0.5 0.7 0.7""	 ""0 0.5 0.5 0.8 0.8""]"
5aea7c25-d5a2-4a6a-8e17-64efe69e9d6c.jpg,"[""1 0.5 0.5 0.7 0.7""	 ""0 0.5 0.5 0.8 0.8""]"
664b6733-31d8-45f5-9e1e-4e7579383030.jpg,"[""1 0.5 0.5 0.7 0.7""	 ""0 0.5 0.5 0.8 0.8""]"
51fab1ab-28bd-4cb2-8fc1-130937b1d113.jpg,"[""1 0.5 0.5 0.7 0.7""	 ""0 0.5 0.5 0.8 0.8""]"
6860cf85-1014-40cd-9b7b-8054744548f4.jpg,"[""1 0.5 0.5 0.7 0.7""	 ""0 0.5 0.5 0.8 0.8""]"
a6f34843-be1d-4e7a-aa55-e802a9947804.jpg,"[""1 0.5 0.5 0.7 0.7""	 ""0 0.5 0.5 0.8 0.8""]"
7d30ca6d-6656-4132-8a9e-c97cfde1bc0d.jpg,"[""1 0.5 0.5 0.7 0.7""	 ""0 0.5 0.5 0.8 0.8""]"
cfc26e38-1577-440a-822c-2a05e15a8985.jpg,"[""1 0.5 0.5 0.7 0.7""	 ""0 0.5 0.5 0.8 0.8""]"
7db8905f-22dd-4d6f-b90e-edc8817b498f.jpg,"[""1 0.5 0.5 0.7 0.7""	 ""0 0.5 0.5 0.8 0.8""]"
dbd3e7c4-e1b0-4107-bce3-6a190c23f9fb.jpg,"[""1 0.5 0.5 0.7 0.7""	 ""0 0.5 0.5 0.8 0.8""]"
266925cf-ef8c-4171-b376-c998592ca714.jpg,"[""1 0.5 0.5 0.7 0.7""	 ""0 0.5 0.5 0.8 0.8""]"
30f535b8-901f-4182-bddb-abcce86e85b2.jpg,"[""1 0.5 0.5 0.7 0.7""	 ""0 0.5 0.5 0.8 0.8""]"
d17b73e6-6d6f-4c90-98ae-c158cfa3868a.jpg,"[""1 0.5 0.5 0.7 0.7""	 ""0 0.5 0.5 0.8 0.8""]"
104f89ca-c27d-45d8-b8e1-27349f4e5baa.jpg,"[""1 0.5 0.5 0.7 0.7""	 ""0 0.5 0.5 0.8 0.8""]"
c08d4156-1b00-4c37-bb94-2e522baeabde.jpg,"[""1 0.5 0.5 0.7 0.7""	 ""0 0.5 0.5 0.8 0.8""]"
fa6c8eba-0973-4e59-aa18-83988124ad9d.jpg,"[""1 0.5 0.5 0.7 0.7""	 ""0 0.5 0.5 0.8 0.8""]"
7df16290-6137-481e-a9b8-fe0427d686e8.jpg,"[""1 0.5 0.5 0.7 0.7""	 ""0 0.5 0.5 0.8 0.8""]"
3cc16a5c-c6d3-4840-8756-8e31b055ab8b.jpg,"[""1 0.5 0.5 0.7 0.7""	 ""0 0.5 0.5 0.8 0.8""]"
05b62a7b-4860-466e-b3db-7bf224bcedb8.jpg,"[""1 0.5 0.5 0.7 0.7""	 ""0 0.5 0.5 0.8 0.8""]"
082d2923-3c1a-48a6-bcb9-a86e129e51ed.jpg,"[""1 0.5 0.5 0.7 0.7""	 ""0 0.5 0.5 0.8 0.8""]"
472bb598-737e-4e72-a142-198d6c2719d2.jpg,"[""1 0.5 0.5 0.7 0.7""	 ""0 0.5 0.5 0.8 0.8""]"
94a15ace-5bbf-40af-bebf-383fd54dd4f2.jpg,"[""1 0.5 0.5 0.7 0.7""	 ""0 0.5 0.5 0.8 0.8""]"
104b8b6b-e41a-4966-a011-351a3a8f6a36.jpg,"[""1 0.5 0.5 0.7 0.7""	 ""0 0.5 0.5 0.8 0.8""]"
c8bdc9d2-7991-4b62-9401-627c5490d94b.jpg,"[""1 0.5 0.5 0.7 0.7""	 ""0 0.5 0.5 0.8 0.8""]"
07a852e7-2ee5-455d-ad0a-0ac35b6ad0bf.jpg,"[""1 0.5 0.5 0.7 0.7""	 ""0 0.5 0.5 0.8 0.8""]"
50f0c143-570a-4646-9b01-72e0f7dfa397.jpg,"[""1 0.5 0.5 0.7 0.7""	 ""0 0.5 0.5 0.8 0.8""]"
eda86449-a67f-4f9f-9f3c-b1afb163eca0.jpg,"[""1 0.5 0.5 0.7 0.7""	 ""0 0.5 0.5 0.8 0.8""]"
e5e32e6f-f0b1-4bbd-8439-4bd3dcb0781d.jpg,"[""1 0.5 0.5 0.7 0.7""	 ""0 0.5 0.5 0.8 0.8""]"
51822651-4c69-46af-94e6-615febb45029.jpg,"[""1 0.5 0.5 0.7 0.7""	 ""0 0.5 0.5 0.8 0.8""]"
9559eebb-f93d-47e0-87d9-90963174b3b5.jpg,"[""1 0.5 0.5 0.7 0.7""	 ""0 0.5 0.5 0.8 0.8""]"
86540230-1a81-4641-8f1d-5054ae689790.jpg,"[""1 0.5 0.5 0.7 0.7""	 ""0 0.5 0.5 0.8 0.8""]"
58f93f3f-b4e4-4d42-83ef-20a51477bac9.jpg,"[""1 0.5 0.5 0.7 0.7""	 ""0 0.5 0.5 0.8 0.8""]"
e1c9afbd-bf16-4ef1-ad91-13808cdc5ce9.jpg,"[""1 0.5 0.5 0.7 0.7""	 ""0 0.5 0.5 0.8 0.8""]"
c31477e1-c052-4e93-8139-00d259c71599.jpg,"[""1 0.5 0.5 0.7 0.7""	 ""0 0.5 0.5 0.8 0.8""]"
0856100b-a2f0-4b7c-895d-3ef19d9980c1.jpg,"[""1 0.5 0.5 0.7 0.7""	 ""0 0.5 0.5 0.8 0.8""]"
6f899058-8106-4499-8e21-203de56e1df3.jpg,"[""1 0.5 0.5 0.7 0.7""	 ""0 0.5 0.5 0.8 0.8""]"
3bedff53-1ba0-4d85-bdeb-c5c3eccd3e00.jpg,"[""1 0.5 0.5 0.7 0.7""	 ""0 0.5 0.5 0.8 0.8""]"
39339c8f-a9ff-40fc-928a-390d80e7404a.jpg,"[""1 0.5 0.5 0.7 0.7""	 ""0 0.5 0.5 0.8 0.8""]"
b74858c2-e370-4c36-b1f0-3e2e7a686f8c.jpg,"[""1 0.5 0.5 0.7 0.7""	 ""0 0.5 0.5 0.8 0.8""]"
00715b5b-2683-4d09-b1b0-7ce7f5795ade.jpg,"[""1 0.5 0.5 0.7 0.7""	 ""0 0.5 0.5 0.8 0.8""]"
3070f51e-a1cc-4d30-bdfa-1558b5d6f46f.jpg,"[""1 0.5 0.5 0.7 0.7""	 ""0 0.5 0.5 0.8 0.8""]"
c5c6d4fc-3596-48f2-85a3-dce37aa95424.jpg,"[""1 0.5 0.5 0.7 0.7""	 ""0 0.5 0.5 0.8 0.8""]"
9685a8a5-e39b-4a52-8544-e38e170e9182.jpg,"[""1 0.5 0.5 0.7 0.7""	 ""0 0.5 0.5 0.8 0.8""]"
478042a0-7b4f-49ab-bbbe-0b4a95656d3e.jpg,"[""1 0.5 0.5 0.7 0.7""	 ""0 0.5 0.5 0.8 0.8""]"
81e51fbf-42ff-4a1d-a6f0-3963813fc749.jpg,"[""1 0.5 0.5 0.7 0.7""	 ""0 0.5 0.5 0.8 0.8""]"
2a00937c-fbbd-4bd2-930c-d24270dfd808.jpg,"[""1 0.5 0.5 0.7 0.7""	 ""0 0.5 0.5 0.8 0.8""]"
e1c5f3df-9cd0-4c08-96f9-7c40a15a7fb0.jpg,"[""1 0.5 0.5 0.7 0.7""	 ""0 0.5 0.5 0.8 0.8""]"
39b7dbc5-4102-4544-86ff-02a004ddc1e2.jpg,"[""1 0.5 0.5 0.7 0.7""	 ""0 0.5 0.5 0.8 0.8""]"
cfb2843b-9f9d-45ff-bea5-add3c5cd589f.jpg,"[""1 0.5 0.5 0.7 0.7""	 ""0 0.5 0.5 0.8 0.8""]"
3effebb7-552c-4c4f-9ec7-1d7de27254df.jpg,"[""1 0.5 0.5 0.7 0.7""	 ""0 0.5 0.5 0.8 0.8""]"
8e44a11c-74aa-48c1-81b3-632ccc14a27f.jpg,"[""1 0.5 0.5 0.7 0.7""	 ""0 0.5 0.5 0.8 0.8""]"
b3660825-15c8-45d3-a4da-d03086fd7574.jpg,"[""1 0.5 0.5 0.7 0.7""	 ""0 0.5 0.5 0.8 0.8""]"
5ea8c3e1-5284-4ccd-b646-61bf17b3e4cb.jpg,"[""1 0.5 0.5 0.7 0.7""	 ""0 0.5 0.5 0.8 0.8""]"
4f56b570-2d8d-4ab3-84fc-b3b55946e4d4.jpg,"[""1 0.5 0.5 0.7 0.7""	 ""0 0.5 0.5 0.8 0.8""]"
d4a615cf-392d-4b2f-94c5-5b428c61c7d7.jpg,"[""1 0.5 0.5 0.7 0.7""	 ""0 0.5 0.5 0.8 0.8""]"
9d079237-ec31-4b97-923d-e24c365b6c43.jpg,"[""1 0.5 0.5 0.7 0.7""	 ""0 0.5 0.5 0.8 0.8""]"
38b7aecf-9779-4a03-934e-7829c634f887.jpg,"[""1 0.5 0.5 0.7 0.7""	 ""0 0.5 0.5 0.8 0.8""]"
8bda7da3-0ff2-48f9-9330-98c12e824937.jpg,"[""1 0.5 0.5 0.7 0.7""	 ""0 0.5 0.5 0.8 0.8""]"
01790091-3393-4afb-9676-4ef4ed8d1247.jpg,"[""1 0.5 0.5 0.7 0.7""	 ""0 0.5 0.5 0.8 0.8""]"
c4857a89-ee38-4dbb-9861-5272f5d422f1.jpg,"[""1 0.5 0.5 0.7 0.7""	 ""0 0.5 0.5 0.8 0.8""]"
9b8d4c86-c79d-4cd5-8515-d77436633c4e.jpg,"[""1 0.5 0.5 0.7 0.7""	 ""0 0.5 0.5 0.8 0.8""]"
441a8d8b-63ea-454e-afd0-16b9e1b7a275.jpg,"[""1 0.5 0.5 0.7 0.7""	 ""0 0.5 0.5 0.8 0.8""]"
a3521cda-54e8-46b6-87a8-5a883d11cbb1.jpg,"[""1 0.5 0.5 0.7 0.7""	 ""0 0.5 0.5 0.8 0.8""]"
4ba69753-a66a-404d-9424-56ff3842c84b.jpg,"[""1 0.5 0.5 0.7 0.7""	 ""0 0.5 0.5 0.8 0.8""]"
f6c657ec-3b82-45cd-a5ce-ace9a482354b.jpg,"[""1 0.5 0.5 0.7 0.7""	 ""0 0.5 0.5 0.8 0.8""]"
2d05d43f-ca60-4e9a-b772-637a2a5c951f.jpg,"[""1 0.5 0.5 0.7 0.7""	 ""0 0.5 0.5 0.8 0.8""]"
6ac89a87-760d-4f51-a21b-a6dffb4a50de.jpg,"[""1 0.5 0.5 0.7 0.7""	 ""0 0.5 0.5 0.8 0.8""]"
2b3e83e6-334e-4746-8bed-85b55a79b502.jpg,"[""1 0.5 0.5 0.7 0.7""	 ""0 0.5 0.5 0.8 0.8""]"
0858b772-8e3c-49ff-84fd-1779bc015f4f.jpg,"[""1 0.5 0.5 0.7 0.7""	 ""0 0.5 0.5 0.8 0.8""]"
648ab42a-9061-4ae0-b744-21cef189e079.jpg,"[""1 0.5 0.5 0.7 0.7""	 ""0 0.5 0.5 0.8 0.8""]"
62095aad-0e0f-4b72-94b7-f76318c3c48d.jpg,"[""1 0.5 0.5 0.7 0.7""	 ""0 0.5 0.5 0.8 0.8""]"
b1d43ece-dabc-413d-926a-b8cc6b080cbe.jpg,"[""1 0.5 0.5 0.7 0.7""	 ""0 0.5 0.5 0.8 0.8""]"
0d263d53-9329-4fef-8487-d4ac2e4b6bbc.jpg,"[""1 0.5 0.5 0.7 0.7""	 ""0 0.5 0.5 0.8 0.8""]"
546e07d6-b5a0-49dc-a695-a15eae0caa5e.jpg,"[""1 0.5 0.5 0.7 0.7""	 ""0 0.5 0.5 0.8 0.8""]"
64cbddbc-4539-40b9-b429-a78f487f8ab5.jpg,"[""1 0.5 0.5 0.7 0.7""	 ""0 0.5 0.5 0.8 0.8""]"
70f3e505-366c-45e5-8ac9-e96419e56d15.jpg,"[""1 0.5 0.5 0.7 0.7""	 ""0 0.5 0.5 0.8 0.8""]"
955a6bfc-559e-4548-92de-40d30e3dda79.jpg,"[""1 0.5 0.5 0.7 0.7""	 ""0 0.5 0.5 0.8 0.8""]"
a9613380-eeaf-4507-ab37-a015dfccfda9.jpg,"[""1 0.5 0.5 0.7 0.7""	 ""0 0.5 0.5 0.8 0.8""]"
a8922060-39f2-437a-b1ec-10070ffba13a.jpg,"[""1 0.5 0.5 0.7 0.7""	 ""0 0.5 0.5 0.8 0.8""]"
a041ba4d-8f6a-40d0-ae3c-275102370e30.jpg,"[""1 0.5 0.5 0.7 0.7""	 ""0 0.5 0.5 0.8 0.8""]"
d4ac840b-7dd0-4fe3-8424-9c72448894c7.jpg,"[""1 0.5 0.5 0.7 0.7""	 ""0 0.5 0.5 0.8 0.8""]"
3dc304ab-69f8-499f-b9ae-3104ef98c4d8.jpg,"[""1 0.5 0.5 0.7 0.7""	 ""0 0.5 0.5 0.8 0.8""]"
524c6c25-c21c-48a7-ae8b-f4551a6bd547.jpg,"[""1 0.5 0.5 0.7 0.7""	 ""0 0.5 0.5 0.8 0.8""]"
5b559a3e-a067-42a2-a892-28550db34c29.jpg,"[""1 0.5 0.5 0.7 0.7""	 ""0 0.5 0.5 0.8 0.8""]"
80685c47-3358-476a-b395-dfa8edf7af8b.jpg,"[""1 0.5 0.5 0.7 0.7""	 ""0 0.5 0.5 0.8 0.8""]"
a09222e2-e7e3-44f7-a781-95f86a2f61d9.jpg,"[""1 0.5 0.5 0.7 0.7""	 ""0 0.5 0.5 0.8 0.8""]"
aa808f2d-e2bb-4d52-9821-234a0905d11b.jpg,"[""1 0.5 0.5 0.7 0.7""	 ""0 0.5 0.5 0.8 0.8""]"
b6befa91-7ce5-4e57-9c6c-56d62612ca9a.jpg,"[""1 0.5 0.5 0.7 0.7""	 ""0 0.5 0.5 0.8 0.8""]"
e6c09f34-f882-4408-b0ba-7bbcc12e7be0.jpg,"[""1 0.5 0.5 0.7 0.7""	 ""0 0.5 0.5 0.8 0.8""]"
2fab8cf7-b166-4476-9343-4b004960a6a2.jpg,"[""1 0.5 0.5 0.7 0.7""	 ""0 0.5 0.5 0.8 0.8""]"
f62588f7-998e-4ae4-9bf4-8c8c0e481d0e.jpg,"[""1 0.5 0.5 0.7 0.7""	 ""0 0.5 0.5 0.8 0.8""]"
3be8ef46-f79e-422b-8dd6-3476eaaec8e8.jpg,"[""1 0.5 0.5 0.7 0.7""	 ""0 0.5 0.5 0.8 0.8""]"
3bfaef72-11b9-4a3a-ba5d-5f425752cfae.jpg,"[""1 0.5 0.5 0.7 0.7""	 ""0 0.5 0.5 0.8 0.8""]"
d15a580f-1a61-4a19-9c54-8e479c8ced86.jpg,"[""1 0.5 0.5 0.7 0.7""	 ""0 0.5 0.5 0.8 0.8""]"
2ef546a1-a5f3-4dac-a2d3-c8a5c7cc7de6.jpg,"[""1 0.5 0.5 0.7 0.7""	 ""0 0.5 0.5 0.8 0.8""]"
a6c9ef28-e56d-4fc6-adb6-58bb00bb023e.jpg,"[""1 0.5 0.5 0.7 0.7""	 ""0 0.5 0.5 0.8 0.8""]"
c2d3cc86-6de5-4ff4-a37d-060c15c049a3.jpg,"[""1 0.5 0.5 0.7 0.7""	 ""0 0.5 0.5 0.8 0.8""]"
bb2b339b-dbb8-4ba5-93f4-2b044190f7e6.jpg,"[""1 0.5 0.5 0.7 0.7""	 ""0 0.5 0.5 0.8 0.8""]"
f3586152-edff-4fe5-9c89-10a11615ff68.jpg,"[""1 0.5 0.5 0.7 0.7""	 ""0 0.5 0.5 0.8 0.8""]"
9cc680a8-df34-43c9-b0fc-7ff9c2703afe.jpg,"[""1 0.5 0.5 0.7 0.7""	 ""0 0.5 0.5 0.8 0.8""]"
99c1184d-ad14-4ec2-89b3-dff607a627b9.jpg,"[""1 0.5 0.5 0.7 0.7""	 ""0 0.5 0.5 0.8 0.8""]"
c52d1bd1-8819-4972-af11-b0a17f617882.jpg,"[""1 0.5 0.5 0.7 0.7""	 ""0 0.5 0.5 0.8 0.8""]"
2dbda9cf-693b-45c7-b5b8-078f8fe69c1a.jpg,"[""1 0.5 0.5 0.7 0.7""	 ""0 0.5 0.5 0.8 0.8""]"
a99e3565-be4a-4166-9d71-dd0443d68737.jpg,"[""1 0.5 0.5 0.7 0.7""	 ""0 0.5 0.5 0.8 0.8""]"
7bf18bbc-d851-47a6-9f7c-f0e15267707b.jpg,"[""1 0.5 0.5 0.7 0.7""	 ""0 0.5 0.5 0.8 0.8""]"
2c5a6847-bf6e-42bb-81e6-e1a0849b8143.jpg,"[""1 0.5 0.5 0.7 0.7""	 ""0 0.5 0.5 0.8 0.8""]"
b85c788d-b8d4-4899-bb1f-b439f2b67286.jpg,"[""1 0.5 0.5 0.7 0.7""	 ""0 0.5 0.5 0.8 0.8""]"
b5470ecd-db13-4387-9af4-064698b61999.jpg,"[""1 0.5 0.5 0.7 0.7""	 ""0 0.5 0.5 0.8 0.8""]"
1e13f9c1-4ef4-4cf5-8909-3ad61e57be7d.jpg,"[""1 0.5 0.5 0.7 0.7""	 ""0 0.5 0.5 0.8 0.8""]"
991b30d0-d901-45b6-95ec-7eef9b82ab19.jpg,"[""1 0.5 0.5 0.7 0.7""	 ""0 0.5 0.5 0.8 0.8""]"
40a7c743-ab9e-43ef-9f64-b4ddf47cbb77.jpg,"[""1 0.5 0.5 0.7 0.7""	 ""0 0.5 0.5 0.8 0.8""]"
74083a4a-0891-4f68-bbee-11fcf645af17.jpg,"[""1 0.5 0.5 0.7 0.7""	 ""0 0.5 0.5 0.8 0.8""]"
d6f29669-9da8-4e5c-a4f5-d68a50ed6a2d.jpg,"[""1 0.5 0.5 0.7 0.7""	 ""0 0.5 0.5 0.8 0.8""]"
34c9db9d-8464-4b72-a120-416d507944ed.jpg,"[""1 0.5 0.5 0.7 0.7""	 ""0 0.5 0.5 0.8 0.8""]"
ffc45033-3145-498e-8174-35acb0bdb9d1.jpg,"[""1 0.5 0.5 0.7 0.7""	 ""0 0.5 0.5 0.8 0.8""]"
fd572933-600b-4f2e-9bb8-c8b298a588e2.jpg,"[""1 0.5 0.5 0.7 0.7""	 ""0 0.5 0.5 0.8 0.8""]"
c1f6cd34-b9a3-4ded-8d39-8540d889002e.jpg,"[""1 0.5 0.5 0.7 0.7""	 ""0 0.5 0.5 0.8 0.8""]"
d2b5ab09-0004-48ac-b979-2cdcba2e9877.jpg,"[""1 0.5 0.5 0.7 0.7""	 ""0 0.5 0.5 0.8 0.8""]"
5d187622-5fe2-4a48-8184-2319f03b5878.jpg,"[""1 0.5 0.5 0.7 0.7""	 ""0 0.5 0.5 0.8 0.8""]"
728577e3-c62f-4656-9ca8-a70eec093cd5.jpg,"[""1 0.5 0.5 0.7 0.7""	 ""0 0.5 0.5 0.8 0.8""]"
c05240e3-112e-44a8-a92d-2bd5b9dfd9c4.jpg,"[""1 0.5 0.5 0.7 0.7""	 ""0 0.5 0.5 0.8 0.8""]"
6436e71b-0b8e-4263-ae82-75be1e2fb420.jpg,"[""1 0.5 0.5 0.7 0.7""	 ""0 0.5 0.5 0.8 0.8""]"
37257c69-a7c2-4805-bc11-4673309918d8.jpg,"[""1 0.5 0.5 0.7 0.7""	 ""0 0.5 0.5 0.8 0.8""]"
129971b2-97ba-4d13-8b1d-41bc3c18333b.jpg,"[""1 0.5 0.5 0.7 0.7""	 ""0 0.5 0.5 0.8 0.8""]"
66c3eb28-3e27-4a6b-9431-93a4195a92ab.jpg,"[""1 0.5 0.5 0.7 0.7""	 ""0 0.5 0.5 0.8 0.8""]"
297bade9-792d-4b24-be18-afc49731e7c9.jpg,"[""1 0.5 0.5 0.7 0.7""	 ""0 0.5 0.5 0.8 0.8""]"
3ffd1737-a09d-4ab9-83c6-7c82d70d1286.jpg,"[""1 0.5 0.5 0.7 0.7""	 ""0 0.5 0.5 0.8 0.8""]"
a630d104-942d-46fe-8d23-1faca0a8ad57.jpg,"[""1 0.5 0.5 0.7 0.7""	 ""0 0.5 0.5 0.8 0.8""]"
030c55b2-1103-44af-9269-ea40537a4ba9.jpg,"[""1 0.5 0.5 0.7 0.7""	 ""0 0.5 0.5 0.8 0.8""]"
632e38ca-86c4-4c40-b3ce-09ca03e89751.jpg,"[""1 0.5 0.5 0.7 0.7""	 ""0 0.5 0.5 0.8 0.8""]"
21f830d4-4173-4809-8d96-7882af23042a.jpg,"[""1 0.5 0.5 0.7 0.7""	 ""0 0.5 0.5 0.8 0.8""]"
609a8e5e-af67-42b2-ab47-0d418f2420a7.jpg,"[""1 0.5 0.5 0.7 0.7""	 ""0 0.5 0.5 0.8 0.8""]"
7c6fb601-bc4b-4f29-8180-702e2371be67.jpg,"[""1 0.5 0.5 0.7 0.7""	 ""0 0.5 0.5 0.8 0.8""]"
5027baa4-760f-4aa5-9a47-c99976ae28a2.jpg,"[""1 0.5 0.5 0.7 0.7""	 ""0 0.5 0.5 0.8 0.8""]"
59ea8da4-c748-44d7-aa41-7ac1ff182584.jpg,"[""1 0.5 0.5 0.7 0.7""	 ""0 0.5 0.5 0.8 0.8""]"
e0666770-c653-4f2d-8a0e-840f4611d8bd.jpg,"[""1 0.5 0.5 0.7 0.7""	 ""0 0.5 0.5 0.8 0.8""]"
8ce52951-d5b5-4b59-a9cb-8cf15b91f7f5.jpg,"[""1 0.5 0.5 0.7 0.7""	 ""0 0.5 0.5 0.8 0.8""]"
e7ea0b96-ae85-40ca-82ba-3d8e3404be2b.jpg,"[""1 0.5 0.5 0.7 0.7""	 ""0 0.5 0.5 0.8 0.8""]"
c1dbbeaf-effa-47b6-bf92-8757f7eea307.jpg,"[""1 0.5 0.5 0.7 0.7""	 ""0 0.5 0.5 0.8 0.8""]"
c6bb1d98-1165-4896-a76b-3cc37cc45545.jpg,"[""1 0.5 0.5 0.7 0.7""	 ""0 0.5 0.5 0.8 0.8""]"
b7ccc9ee-5d4f-4db1-aa4d-04c16cec5861.jpg,"[""1 0.5 0.5 0.7 0.7""	 ""0 0.5 0.5 0.8 0.8""]"
cfb6924a-40fd-42e6-a496-30ba449f3d0e.jpg,"[""1 0.5 0.5 0.7 0.7""	 ""0 0.5 0.5 0.8 0.8""]"
3168f5fc-e22e-4811-9e21-09c6b6613615.jpg,"[""1 0.5 0.5 0.7 0.7""	 ""0 0.5 0.5 0.8 0.8""]"
27bcbbff-3370-4d88-b3e8-50eaa3dd7d7b.jpg,"[""1 0.5 0.5 0.7 0.7""	 ""0 0.5 0.5 0.8 0.8""]"
64b50d2f-f620-4e6e-8b39-3c9ad4b45fa4.jpg,"[""1 0.5 0.5 0.7 0.7""	 ""0 0.5 0.5 0.8 0.8""]"
7f666ee9-3284-4efa-9f1f-decf914fc144.jpg,"[""1 0.5 0.5 0.7 0.7""	 ""0 0.5 0.5 0.8 0.8""]"
c05f6f7d-3061-4f81-9b5c-30413b55ea42.jpg,"[""1 0.5 0.5 0.7 0.7""	 ""0 0.5 0.5 0.8 0.8""]"
6ee0c706-a4be-43cd-b3c2-6ac37e69e813.jpg,"[""1 0.5 0.5 0.7 0.7""	 ""0 0.5 0.5 0.8 0.8""]"
9624521f-1fc1-4fc1-aab1-de5ccd4f4f0e.jpg,"[""1 0.5 0.5 0.7 0.7""	 ""0 0.5 0.5 0.8 0.8""]"
4bb1bcc5-25b6-4ac3-90a0-9b94d34e0b87.jpg,"[""1 0.5 0.5 0.7 0.7""	 ""0 0.5 0.5 0.8 0.8""]"
25dfef7c-e6dc-4164-9f1c-da883d2259ad.jpg,"[""1 0.5 0.5 0.7 0.7""	 ""0 0.5 0.5 0.8 0.8""]"
97138fa0-2cae-4342-aa57-f9cd0183f39b.jpg,"[""1 0.5 0.5 0.7 0.7""	 ""0 0.5 0.5 0.8 0.8""]"
25f1ea32-ea3c-4208-95ec-06cc9cec0363.jpg,"[""1 0.5 0.5 0.7 0.7""	 ""0 0.5 0.5 0.8 0.8""]"
4cbabce9-c3ec-4522-b63a-70a1b6cde9df.jpg,"[""1 0.5 0.5 0.7 0.7""	 ""0 0.5 0.5 0.8 0.8""]"
7158e158-e23f-4328-aaa5-0ba861aefa2b.jpg,"[""1 0.5 0.5 0.7 0.7""	 ""0 0.5 0.5 0.8 0.8""]"
a02d012c-d6ab-4e25-8e19-a62ed8f9f565.jpg,"[""1 0.5 0.5 0.7 0.7""	 ""0 0.5 0.5 0.8 0.8""]"
1dc2bfc1-1317-411f-8436-6d30b8de636a.jpg,"[""1 0.5 0.5 0.7 0.7""	 ""0 0.5 0.5 0.8 0.8""]"
ff5dc48f-061d-4859-9d11-270abec43998.jpg,"[""1 0.5 0.5 0.7 0.7""	 ""0 0.5 0.5 0.8 0.8""]"
b4b55cae-1850-4a67-b895-8885b8336998.jpg,"[""1 0.5 0.5 0.7 0.7""	 ""0 0.5 0.5 0.8 0.8""]"
fdf73dfe-2922-4d27-9332-d77f59d039ab.jpg,"[""1 0.5 0.5 0.7 0.7""	 ""0 0.5 0.5 0.8 0.8""]"
888a12d6-4ece-46cc-8f45-0beaaa06a683.jpg,"[""1 0.5 0.5 0.7 0.7""	 ""0 0.5 0.5 0.8 0.8""]"
0b54c6b4-d25a-4e73-a5a2-967d69e5d8c0.jpg,"[""1 0.5 0.5 0.7 0.7""	 ""0 0.5 0.5 0.8 0.8""]"
0661233e-55fd-48d3-be44-7cb136fe3911.jpg,"[""1 0.5 0.5 0.7 0.7""	 ""0 0.5 0.5 0.8 0.8""]"
58a29c4f-0e8f-496f-bef6-5f6a208d24fb.jpg,"[""1 0.5 0.5 0.7 0.7""	 ""0 0.5 0.5 0.8 0.8""]"
17a46b02-0701-42a7-b9a6-14a251e277d4.jpg,"[""1 0.5 0.5 0.7 0.7""	 ""0 0.5 0.5 0.8 0.8""]"
c26088ee-30f3-41bf-b6db-3e440ed906fd.jpg,"[""1 0.5 0.5 0.7 0.7""	 ""0 0.5 0.5 0.8 0.8""]"
6ec08546-4b8a-4dc9-b5ae-702b63fbda61.jpg,"[""1 0.5 0.5 0.7 0.7""	 ""0 0.5 0.5 0.8 0.8""]"
d4d32a6a-164e-4037-b0c9-10045caecd85.jpg,"[""1 0.5 0.5 0.7 0.7""	 ""0 0.5 0.5 0.8 0.8""]"
64c0b49b-29f4-434f-add4-4cac06e242a0.jpg,"[""1 0.5 0.5 0.7 0.7""	 ""0 0.5 0.5 0.8 0.8""]"
2e2442df-c2a2-4784-aed1-4615dff58225.jpg,"[""1 0.5 0.5 0.7 0.7""	 ""0 0.5 0.5 0.8 0.8""]"
5c4461c5-42a9-4811-920d-51cb5711b34c.jpg,"[""1 0.5 0.5 0.7 0.7""	 ""0 0.5 0.5 0.8 0.8""]"
652d9a94-5077-42ff-817a-0092715a604c.jpg,"[""1 0.5 0.5 0.7 0.7""	 ""0 0.5 0.5 0.8 0.8""]"
89af8240-af2a-4c1a-9cbb-01d668f81eda.jpg,"[""1 0.5 0.5 0.7 0.7""	 ""0 0.5 0.5 0.8 0.8""]"
e7abc7c0-86cc-4223-ac45-efc0a17f0466.jpg,"[""1 0.5 0.5 0.7 0.7""	 ""0 0.5 0.5 0.8 0.8""]"
be352bc9-5a88-4169-ae03-6d26ef821eef.jpg,"[""1 0.5 0.5 0.7 0.7""	 ""0 0.5 0.5 0.8 0.8""]"
751e0513-0bfd-401a-9d86-37b3066d0700.jpg,"[""1 0.5 0.5 0.7 0.7""	 ""0 0.5 0.5 0.8 0.8""]"
ce21ae5a-3d73-410f-9d2b-08933fbc9f89.jpg,"[""1 0.5 0.5 0.7 0.7""	 ""0 0.5 0.5 0.8 0.8""]"
204eef38-bfbf-4df4-a3d1-9996344a59e8.jpg,"[""1 0.5 0.5 0.7 0.7""	 ""0 0.5 0.5 0.8 0.8""]"
443f53a8-d34f-42e1-a426-f567a502331f.jpg,"[""1 0.5 0.5 0.7 0.7""	 ""0 0.5 0.5 0.8 0.8""]"
9d314f8f-5dc4-4486-b9a5-3215f08d6c53.jpg,"[""1 0.5 0.5 0.7 0.7""	 ""0 0.5 0.5 0.8 0.8""]"
61fdc86b-b293-4e5a-9f7f-c8027a6e3a17.jpg,"[""1 0.5 0.5 0.7 0.7""	 ""0 0.5 0.5 0.8 0.8""]"
f5614212-d153-4959-88c5-cda3bca1db3f.jpg,"[""1 0.5 0.5 0.7 0.7""	 ""0 0.5 0.5 0.8 0.8""]"
a958e1d8-df9a-4a03-a276-ff50cd784f2c.jpg,"[""1 0.5 0.5 0.7 0.7""	 ""0 0.5 0.5 0.8 0.8""]"
1af93d02-cf8b-4ddf-8076-3db1ff93ffd5.jpg,"[""1 0.5 0.5 0.7 0.7""	 ""0 0.5 0.5 0.8 0.8""]"
7f5c03c0-ccd2-4130-aff4-423e5b5e46a4.jpg,"[""1 0.5 0.5 0.7 0.7""	 ""0 0.5 0.5 0.8 0.8""]"
974e87fb-06f9-47e7-b39c-fea2ea2b9e8d.jpg,"[""1 0.5 0.5 0.7 0.7""	 ""0 0.5 0.5 0.8 0.8""]"
88490dde-9e7b-42ce-8aea-6825c4ea18d5.jpg,"[""1 0.5 0.5 0.7 0.7""	 ""0 0.5 0.5 0.8 0.8""]"
59a8a1e0-9d44-4c43-9bca-a4b6cb57241b.jpg,"[""1 0.5 0.5 0.7 0.7""	 ""0 0.5 0.5 0.8 0.8""]"
879c9367-5301-4861-a81e-17a3fbdd867e.jpg,"[""1 0.5 0.5 0.7 0.7""	 ""0 0.5 0.5 0.8 0.8""]"
339dcc6c-ecd7-4512-8834-8de7142dfa65.jpg,"[""1 0.5 0.5 0.7 0.7""	 ""0 0.5 0.5 0.8 0.8""]"
aaf179cb-400d-4fa8-a6da-8c81ec2001ba.jpg,"[""1 0.5 0.5 0.7 0.7""	 ""0 0.5 0.5 0.8 0.8""]"
46928405-65e9-4fba-bf59-35c16a1de56e.jpg,"[""1 0.5 0.5 0.7 0.7""	 ""0 0.5 0.5 0.8 0.8""]"
a1f2568c-06a4-48ff-8c48-01b493c85b37.jpg,"[""1 0.5 0.5 0.7 0.7""	 ""0 0.5 0.5 0.8 0.8""]"
a16db3c2-638e-4891-9724-c67214cdafd9.jpg,"[""1 0.5 0.5 0.7 0.7""	 ""0 0.5 0.5 0.8 0.8""]"
85185d2a-bb8e-444f-abc7-4a7a98f6a51b.jpg,"[""1 0.5 0.5 0.7 0.7""	 ""0 0.5 0.5 0.8 0.8""]"
05e3ea2c-8c4b-4250-8b86-9896d3d96aef.jpg,"[""1 0.5 0.5 0.7 0.7""	 ""0 0.5 0.5 0.8 0.8""]"
66fbb3b2-4a16-4217-bb03-21fdec7aed46.jpg,"[""1 0.5 0.5 0.7 0.7""	 ""0 0.5 0.5 0.8 0.8""]"
582621da-b1ce-4efb-b6d6-39c17f532abb.jpg,"[""1 0.5 0.5 0.7 0.7""	 ""0 0.5 0.5 0.8 0.8""]"
80869b04-1cef-4c5b-868f-e883e2b3d2a5.jpg,"[""1 0.5 0.5 0.7 0.7""	 ""0 0.5 0.5 0.8 0.8""]"
144d6d8a-2ebd-4b6e-9c5d-c332e75552b5.jpg,"[""1 0.5 0.5 0.7 0.7""	 ""0 0.5 0.5 0.8 0.8""]"
ca91a00a-bf0c-40d3-964d-1b4f669dc73e.jpg,"[""1 0.5 0.5 0.7 0.7""	 ""0 0.5 0.5 0.8 0.8""]"
d08d4415-d0db-46f4-b8bd-fee3c1accd30.jpg,"[""1 0.5 0.5 0.7 0.7""	 ""0 0.5 0.5 0.8 0.8""]"
9258b257-2078-43f2-8838-1a6fd75f1792.jpg,"[""1 0.5 0.5 0.7 0.7""	 ""0 0.5 0.5 0.8 0.8""]"
8a92bbc7-c066-4a50-9aa4-2e0b18606c41.jpg,"[""1 0.5 0.5 0.7 0.7""	 ""0 0.5 0.5 0.8 0.8""]"
be6206cd-9581-45b4-8ed0-0e3126d852af.jpg,"[""1 0.5 0.5 0.7 0.7""	 ""0 0.5 0.5 0.8 0.8""]"
c0c80511-113e-462f-a7ed-60a45243029c.jpg,"[""1 0.5 0.5 0.7 0.7""	 ""0 0.5 0.5 0.8 0.8""]"
b282a83f-6c77-4650-a1a6-acccf8cce635.jpg,"[""1 0.5 0.5 0.7 0.7""	 ""0 0.5 0.5 0.8 0.8""]"
ab421d84-cc82-42b1-8f6e-99f9d9d6f641.jpg,"[""1 0.5 0.5 0.7 0.7""	 ""0 0.5 0.5 0.8 0.8""]"
9dc18fba-6173-4962-8594-79c419d0ebb4.jpg,"[""1 0.5 0.5 0.7 0.7""	 ""0 0.5 0.5 0.8 0.8""]"
22dc4b1a-5ed4-4e78-be95-a05dc87af79a.jpg,"[""1 0.5 0.5 0.7 0.7""	 ""0 0.5 0.5 0.8 0.8""]"
011ccebf-506d-400d-8b9e-653e928ce56f.jpg,"[""1 0.5 0.5 0.7 0.7""	 ""0 0.5 0.5 0.8 0.8""]"
9e739ff0-6bf1-4b31-9625-4c5f3dad87d9.jpg,"[""1 0.5 0.5 0.7 0.7""	 ""0 0.5 0.5 0.8 0.8""]"
8730cfe1-7e73-4dcb-9270-08d2d5e6de0d.jpg,"[""1 0.5 0.5 0.7 0.7""	 ""0 0.5 0.5 0.8 0.8""]"
6823bdb4-553c-4b24-ba21-0b1b8f3fb03f.jpg,"[""1 0.5 0.5 0.7 0.7""	 ""0 0.5 0.5 0.8 0.8""]"
dca63422-714b-4dde-9b0f-deda19cb643f.jpg,"[""1 0.5 0.5 0.7 0.7""	 ""0 0.5 0.5 0.8 0.8""]"
41de4eb0-2d92-4dc9-a379-0e17f3d430ee.jpg,"[""1 0.5 0.5 0.7 0.7""	 ""0 0.5 0.5 0.8 0.8""]"
f9f77f9b-b6d7-4879-9399-15a657461b5a.jpg,"[""1 0.5 0.5 0.7 0.7""	 ""0 0.5 0.5 0.8 0.8""]"
19509a1d-258b-4433-b2ed-2e6a37fe6a2c.jpg,"[""1 0.5 0.5 0.7 0.7""	 ""0 0.5 0.5 0.8 0.8""]"
1f68232b-aaef-4258-ac6b-24e0f4cf85b7.jpg,"[""1 0.5 0.5 0.7 0.7""	 ""0 0.5 0.5 0.8 0.8""]"
40396894-23df-4526-adcd-011324eaa6d0.jpg,"[""1 0.5 0.5 0.7 0.7""	 ""0 0.5 0.5 0.8 0.8""]"
ba7c0227-4ae9-42c5-9c4f-2960dcccaaa0.jpg,"[""1 0.5 0.5 0.7 0.7""	 ""0 0.5 0.5 0.8 0.8""]"
1bf15582-b1ae-41cf-8263-6f4a47f54918.jpg,"[""1 0.5 0.5 0.7 0.7""	 ""0 0.5 0.5 0.8 0.8""]"
5980e425-a102-47e5-bfd5-208092de5d97.jpg,"[""1 0.5 0.5 0.7 0.7""	 ""0 0.5 0.5 0.8 0.8""]"
5ca23650-14d0-46d1-bf83-2d9885158c71.jpg,"[""1 0.5 0.5 0.7 0.7""	 ""0 0.5 0.5 0.8 0.8""]"
2a2a78db-c03a-4bdd-8039-46ae389599fb.jpg,"[""1 0.5 0.5 0.7 0.7""	 ""0 0.5 0.5 0.8 0.8""]"
964d944f-8829-4a3b-bdfb-0a3e3fb2a529.jpg,"[""1 0.5 0.5 0.7 0.7""	 ""0 0.5 0.5 0.8 0.8""]"
c0b352d5-3bb3-42e8-8ce3-863c9f0f9b74.jpg,"[""1 0.5 0.5 0.7 0.7""	 ""0 0.5 0.5 0.8 0.8""]"
80611d5e-b535-4d87-bb91-e3a57e2f6915.jpg,"[""1 0.5 0.5 0.7 0.7""	 ""0 0.5 0.5 0.8 0.8""]"
47d2f890-b6ea-45f2-a6d6-5fe5e2c824a0.jpg,"[""1 0.5 0.5 0.7 0.7""	 ""0 0.5 0.5 0.8 0.8""]"
890c4c68-1e43-4ac8-a279-cde5fae67411.jpg,"[""1 0.5 0.5 0.7 0.7""	 ""0 0.5 0.5 0.8 0.8""]"
61897d93-1ce4-4fa7-87f4-0dee4bb17a29.jpg,"[""1 0.5 0.5 0.7 0.7""	 ""0 0.5 0.5 0.8 0.8""]"
c5635aed-f08e-4d4b-9d19-f72c891886db.jpg,"[""1 0.5 0.5 0.7 0.7""	 ""0 0.5 0.5 0.8 0.8""]"
89ae8218-22e2-4e00-8c3b-9bc54d5f6392.jpg,"[""1 0.5 0.5 0.7 0.7""	 ""0 0.5 0.5 0.8 0.8""]"
093e249f-fcd1-4b3f-8e9e-a303c99f5bb2.jpg,"[""1 0.5 0.5 0.7 0.7""	 ""0 0.5 0.5 0.8 0.8""]"
6c243b92-a7d7-497c-a775-6a638fa3eb2e.jpg,"[""1 0.5 0.5 0.7 0.7""	 ""0 0.5 0.5 0.8 0.8""]"
0d1d14fa-97ab-43cd-bdfb-9b01cf30dc7f.jpg,"[""1 0.5 0.5 0.7 0.7""	 ""0 0.5 0.5 0.8 0.8""]"
05dcacdd-168a-48a2-b116-5e68ee584ba4.jpg,"[""1 0.5 0.5 0.7 0.7""	 ""0 0.5 0.5 0.8 0.8""]"
b413a67c-fca4-4a7f-9b18-1840e38ffc3f.jpg,"[""1 0.5 0.5 0.7 0.7""	 ""0 0.5 0.5 0.8 0.8""]"
6df8b099-0fa3-459a-bc30-d5a2a72b57a4.jpg,"[""1 0.5 0.5 0.7 0.7""	 ""0 0.5 0.5 0.8 0.8""]"
a83487e4-3c1d-432d-96cb-3efe4701d7d6.jpg,"[""1 0.5 0.5 0.7 0.7""	 ""0 0.5 0.5 0.8 0.8""]"
8f3bb6ca-1ac0-4094-8905-e9d49288791f.jpg,"[""1 0.5 0.5 0.7 0.7""	 ""0 0.5 0.5 0.8 0.8""]"
7fe4d069-9267-4cd1-8590-985d7a1c2de9.jpg,"[""1 0.5 0.5 0.7 0.7""	 ""0 0.5 0.5 0.8 0.8""]"
f400dd50-6111-44bf-93ae-b78d6e56064c.jpg,"[""1 0.5 0.5 0.7 0.7""	 ""0 0.5 0.5 0.8 0.8""]"
bb196fcc-eeb6-4839-ba20-2fc460dc9f09.jpg,"[""1 0.5 0.5 0.7 0.7""	 ""0 0.5 0.5 0.8 0.8""]"
4572deea-c013-4fd5-93fa-0106e37af5a8.jpg,"[""1 0.5 0.5 0.7 0.7""	 ""0 0.5 0.5 0.8 0.8""]"
51994e45-0cdb-4d33-82b3-678349ddee51.jpg,"[""1 0.5 0.5 0.7 0.7""	 ""0 0.5 0.5 0.8 0.8""]"
0293c369-4c7b-41dd-a51d-26e9cfd8a108.jpg,"[""1 0.5 0.5 0.7 0.7""	 ""0 0.5 0.5 0.8 0.8""]"
66be63a7-19dc-424f-9b5f-2c587c40647d.jpg,"[""1 0.5 0.5 0.7 0.7""	 ""0 0.5 0.5 0.8 0.8""]"
c0a10967-f282-4e3b-ad09-bd88a7a0d77a.jpg,"[""1 0.5 0.5 0.7 0.7""	 ""0 0.5 0.5 0.8 0.8""]"
85d5ea36-ad6c-40a0-98a1-907a50a1fa2f.jpg,"[""1 0.5 0.5 0.7 0.7""	 ""0 0.5 0.5 0.8 0.8""]"
30db872e-8dc5-4804-ba30-61c25cfe2c89.jpg,"[""1 0.5 0.5 0.7 0.7""	 ""0 0.5 0.5 0.8 0.8""]"
284d8f7b-9cbe-4fd5-90ed-1e7e2d9715c9.jpg,"[""1 0.5 0.5 0.7 0.7""	 ""0 0.5 0.5 0.8 0.8""]"
f12cb853-0cb5-44aa-9e72-87dd4e84dfc2.jpg,"[""1 0.5 0.5 0.7 0.7""	 ""0 0.5 0.5 0.8 0.8""]"
66b24cbf-256b-4504-bffd-481879515d31.jpg,"[""1 0.5 0.5 0.7 0.7""	 ""0 0.5 0.5 0.8 0.8""]"
2f4315a5-d452-419e-a387-de8342be3713.jpg,"[""1 0.5 0.5 0.7 0.7""	 ""0 0.5 0.5 0.8 0.8""]"
c1476fe6-14e8-4ac7-9e16-64a5b7b13dfd.jpg,"[""1 0.5 0.5 0.7 0.7""	 ""0 0.5 0.5 0.8 0.8""]"
31875920-c3bf-425c-80a8-44bd1ed258ad.jpg,"[""1 0.5 0.5 0.7 0.7""	 ""0 0.5 0.5 0.8 0.8""]"
e8267ff7-9501-4829-9511-e129e6b12f2d.jpg,"[""1 0.5 0.5 0.7 0.7""	 ""0 0.5 0.5 0.8 0.8""]"
24c7ea28-c42e-4966-ab95-372caaaeb741.jpg,"[""1 0.5 0.5 0.7 0.7""	 ""0 0.5 0.5 0.8 0.8""]"
2f7c2cb0-9ff2-418e-8fcf-8338cb87d94f.jpg,"[""1 0.5 0.5 0.7 0.7""	 ""0 0.5 0.5 0.8 0.8""]"
0015878e-6e40-4019-afa3-c0538bfce5ed.jpg,"[""1 0.5 0.5 0.7 0.7""	 ""0 0.5 0.5 0.8 0.8""]"
a8cfc53f-48f8-4ab3-b0b0-583ecf78fe28.jpg,"[""1 0.5 0.5 0.7 0.7""	 ""0 0.5 0.5 0.8 0.8""]"
685b115c-81bd-4443-a0e1-45330e704a5f.jpg,"[""1 0.5 0.5 0.7 0.7""	 ""0 0.5 0.5 0.8 0.8""]"
69669b7c-b657-4938-ac52-0ce5c71f3d80.jpg,"[""1 0.5 0.5 0.7 0.7""	 ""0 0.5 0.5 0.8 0.8""]"
9a00120d-2b2e-47b0-ad3c-76eb8f437316.jpg,"[""1 0.5 0.5 0.7 0.7""	 ""0 0.5 0.5 0.8 0.8""]"
c773cd1b-f66c-4f17-bd27-1a3847d0aeb5.jpg,"[""1 0.5 0.5 0.7 0.7""	 ""0 0.5 0.5 0.8 0.8""]"
df558f8e-f243-450b-8cba-5a209387ed07.jpg,"[""1 0.5 0.5 0.7 0.7""	 ""0 0.5 0.5 0.8 0.8""]"
fcc82af7-80db-44e6-ad48-b000a82e6441.jpg,"[""1 0.5 0.5 0.7 0.7""	 ""0 0.5 0.5 0.8 0.8""]"
598d4a18-902c-4981-9771-0de152880b92.jpg,"[""1 0.5 0.5 0.7 0.7""	 ""0 0.5 0.5 0.8 0.8""]"
d6626b62-ea96-49f9-be74-ef26f4a305d8.jpg,"[""1 0.5 0.5 0.7 0.7""	 ""0 0.5 0.5 0.8 0.8""]"
26791789-06bc-45bf-96e3-2cb98447b3aa.jpg,"[""1 0.5 0.5 0.7 0.7""	 ""0 0.5 0.5 0.8 0.8""]"
7b6acd35-b1cb-4658-8d7e-5d3b5bf8e6d0.jpg,"[""1 0.5 0.5 0.7 0.7""	 ""0 0.5 0.5 0.8 0.8""]"
0f37670f-5bcb-4916-ae1b-b7c046beb46d.jpg,"[""1 0.5 0.5 0.7 0.7""	 ""0 0.5 0.5 0.8 0.8""]"
34544286-e1d0-4e1e-ac21-bf9c7a1e516e.jpg,"[""1 0.5 0.5 0.7 0.7""	 ""0 0.5 0.5 0.8 0.8""]"
0c9f9a42-952f-48aa-a9aa-f7d11e7a9fa3.jpg,"[""1 0.5 0.5 0.7 0.7""	 ""0 0.5 0.5 0.8 0.8""]"
b0c43a95-dae9-4a54-a40b-2baa32e480c4.jpg,"[""1 0.5 0.5 0.7 0.7""	 ""0 0.5 0.5 0.8 0.8""]"
22afdeb2-68c5-4279-a462-725abb8de367.jpg,"[""1 0.5 0.5 0.7 0.7""	 ""0 0.5 0.5 0.8 0.8""]"
e3d6ff19-f280-4daf-a64a-848cadfe4be6.jpg,"[""1 0.5 0.5 0.7 0.7""	 ""0 0.5 0.5 0.8 0.8""]"
ffc8fd70-effa-4e3a-aa9f-43ae33cb1938.jpg,"[""1 0.5 0.5 0.7 0.7""	 ""0 0.5 0.5 0.8 0.8""]"
3e5b0898-6c01-4e27-8632-07332f0d5d25.jpg,"[""1 0.5 0.5 0.7 0.7""	 ""0 0.5 0.5 0.8 0.8""]"
42982093-5e32-401b-aa20-b706c8c97b0c.jpg,"[""1 0.5 0.5 0.7 0.7""	 ""0 0.5 0.5 0.8 0.8""]"
f5e69318-3c0e-4fe7-b433-43ca2cf6fb62.jpg,"[""1 0.5 0.5 0.7 0.7""	 ""0 0.5 0.5 0.8 0.8""]"
14844097-1bdf-4069-bff5-6f53607057ad.jpg,"[""1 0.5 0.5 0.7 0.7""	 ""0 0.5 0.5 0.8 0.8""]"
ca1a0bd4-dd9d-41c8-999f-3a3cb1d4036c.jpg,"[""1 0.5 0.5 0.7 0.7""	 ""0 0.5 0.5 0.8 0.8""]"
f4f2a666-070e-4c10-a6ff-9cffde04726f.jpg,"[""1 0.5 0.5 0.7 0.7""	 ""0 0.5 0.5 0.8 0.8""]"
40ead3f3-2818-43f0-895e-5126620b5960.jpg,"[""1 0.5 0.5 0.7 0.7""	 ""0 0.5 0.5 0.8 0.8""]"
0bc49b82-5793-47e7-8572-5d83ac399815.jpg,"[""1 0.5 0.5 0.7 0.7""	 ""0 0.5 0.5 0.8 0.8""]"
3653d8c5-2a66-4ea2-9d3c-fead939a1441.jpg,"[""1 0.5 0.5 0.7 0.7""	 ""0 0.5 0.5 0.8 0.8""]"
ee3c050b-f0df-4631-be80-3eae92b305ac.jpg,"[""1 0.5 0.5 0.7 0.7""	 ""0 0.5 0.5 0.8 0.8""]"
f7e07183-bb14-4e6d-b6b4-3b93864ad81e.jpg,"[""1 0.5 0.5 0.7 0.7""	 ""0 0.5 0.5 0.8 0.8""]"
265637ad-1fea-42fd-a7e0-ede16e7ab241.jpg,"[""1 0.5 0.5 0.7 0.7""	 ""0 0.5 0.5 0.8 0.8""]"
e85a0ff5-e5e3-4280-a982-dcdd8bc71292.jpg,"[""1 0.5 0.5 0.7 0.7""	 ""0 0.5 0.5 0.8 0.8""]"
275c2f1c-1152-4b91-a016-daf38031ca38.jpg,"[""1 0.5 0.5 0.7 0.7""	 ""0 0.5 0.5 0.8 0.8""]"
8a01755f-6eef-4cb0-88bd-5c831a456723.jpg,"[""1 0.5 0.5 0.7 0.7""	 ""0 0.5 0.5 0.8 0.8""]"
d46fd750-45a8-4bf0-a421-31b522d2f743.jpg,"[""1 0.5 0.5 0.7 0.7""	 ""0 0.5 0.5 0.8 0.8""]"
0164eb7e-c10c-46b2-b5dd-1afe3dde8633.jpg,"[""1 0.5 0.5 0.7 0.7""	 ""0 0.5 0.5 0.8 0.8""]"
125bcb25-d793-40d9-bb5d-d4d6c9fdd9c6.jpg,"[""1 0.5 0.5 0.7 0.7""	 ""0 0.5 0.5 0.8 0.8""]"
1b419dcc-783b-4e4f-b472-061ff2aca0f9.jpg,"[""1 0.5 0.5 0.7 0.7""	 ""0 0.5 0.5 0.8 0.8""]"
edc0fa3b-3e67-44ee-b530-1135190c62f9.jpg,"[""1 0.5 0.5 0.7 0.7""	 ""0 0.5 0.5 0.8 0.8""]"
7738d721-0bdd-4ea4-92a3-e409ac65d321.jpg,"[""1 0.5 0.5 0.7 0.7""	 ""0 0.5 0.5 0.8 0.8""]"
956dec13-b8c1-4700-a05d-b6240b32f9a8.jpg,"[""1 0.5 0.5 0.7 0.7""	 ""0 0.5 0.5 0.8 0.8""]"
04b3a510-8927-43f8-8aba-7e684b7658c6.jpg,"[""1 0.5 0.5 0.7 0.7""	 ""0 0.5 0.5 0.8 0.8""]"
2a1ab61f-fd8f-4f5b-8cf5-034f80e62459.jpg,"[""1 0.5 0.5 0.7 0.7""	 ""0 0.5 0.5 0.8 0.8""]"
0a18c5d8-3d18-4f5e-8f98-831d3bccd812.jpg,"[""1 0.5 0.5 0.7 0.7""	 ""0 0.5 0.5 0.8 0.8""]"
67bb579f-a6d4-4f61-9d9c-5eafc40daacf.jpg,"[""1 0.5 0.5 0.7 0.7""	 ""0 0.5 0.5 0.8 0.8""]"
7d10ae72-f495-4655-b3c9-0595f5824401.jpg,"[""1 0.5 0.5 0.7 0.7""	 ""0 0.5 0.5 0.8 0.8""]"
0c636ab1-dc6f-4483-bd04-8c4af8dae00a.jpg,"[""1 0.5 0.5 0.7 0.7""	 ""0 0.5 0.5 0.8 0.8""]"
91e4e76d-ae65-4404-99f8-b525c5efa15c.jpg,"[""1 0.5 0.5 0.7 0.7""	 ""0 0.5 0.5 0.8 0.8""]"
c959ad38-64f7-4fbc-9366-cef414c9ad87.jpg,"[""1 0.5 0.5 0.7 0.7""	 ""0 0.5 0.5 0.8 0.8""]"
a0ae6206-828a-4a79-b850-f0ab67695e2b.jpg,"[""1 0.5 0.5 0.7 0.7""	 ""0 0.5 0.5 0.8 0.8""]"
ab305c89-440b-43ab-bcb7-ca60c2c03587.jpg,"[""1 0.5 0.5 0.7 0.7""	 ""0 0.5 0.5 0.8 0.8""]"
17a405d0-4722-4e29-8868-19b942c178de.jpg,"[""1 0.5 0.5 0.7 0.7""	 ""0 0.5 0.5 0.8 0.8""]"
9696ceb2-7be7-4f74-ae2c-043c41265dad.jpg,"[""1 0.5 0.5 0.7 0.7""	 ""0 0.5 0.5 0.8 0.8""]"
45c9bd87-0557-44ac-b026-25d7a0bc841d.jpg,"[""1 0.5 0.5 0.7 0.7""	 ""0 0.5 0.5 0.8 0.8""]"
bd9b19e5-ecff-4c5b-8eda-4c79d6db1772.jpg,"[""1 0.5 0.5 0.7 0.7""	 ""0 0.5 0.5 0.8 0.8""]"
180a6b24-9c12-42e5-9de0-8f149e34388c.jpg,"[""1 0.5 0.5 0.7 0.7""	 ""0 0.5 0.5 0.8 0.8""]"
42dca429-472c-44f6-a394-bde13e239794.jpg,"[""1 0.5 0.5 0.7 0.7""	 ""0 0.5 0.5 0.8 0.8""]"
4c43cd45-9479-44b4-8124-3fe487a63d55.jpg,"[""1 0.5 0.5 0.7 0.7""	 ""0 0.5 0.5 0.8 0.8""]"
8cf76711-b9f1-494a-a9cf-4ad3e5f2a2e3.jpg,"[""1 0.5 0.5 0.7 0.7""	 ""0 0.5 0.5 0.8 0.8""]"
11dd0b66-bada-4758-a363-2e54123d3c17.jpg,"[""1 0.5 0.5 0.7 0.7""	 ""0 0.5 0.5 0.8 0.8""]"
cda01039-f97e-4308-945c-b3a606bbbbad.jpg,"[""1 0.5 0.5 0.7 0.7""	 ""0 0.5 0.5 0.8 0.8""]"
1ace8756-bf33-4341-9cf8-b68300de257b.jpg,"[""1 0.5 0.5 0.7 0.7""	 ""0 0.5 0.5 0.8 0.8""]"
77023ff0-f026-4423-9534-8152097d59d2.jpg,"[""1 0.5 0.5 0.7 0.7""	 ""0 0.5 0.5 0.8 0.8""]"
bf3ce1f3-58fc-4d16-a4bd-65e775c0ad50.jpg,"[""1 0.5 0.5 0.7 0.7""	 ""0 0.5 0.5 0.8 0.8""]"
caf55e16-8558-45bc-b02f-003a9bb3ffd2.jpg,"[""1 0.5 0.5 0.7 0.7""	 ""0 0.5 0.5 0.8 0.8""]"
7f0f7122-647b-49ff-b465-1ca5481daab4.jpg,"[""1 0.5 0.5 0.7 0.7""	 ""0 0.5 0.5 0.8 0.8""]"
5fff474e-f2a4-4fe9-8168-7774b0af434b.jpg,"[""1 0.5 0.5 0.7 0.7""	 ""0 0.5 0.5 0.8 0.8""]"
36597824-0fe6-4298-8d37-291c0fb4d83f.jpg,"[""1 0.5 0.5 0.7 0.7""	 ""0 0.5 0.5 0.8 0.8""]"
d7f3ce55-b2b0-4f8d-a659-23e4a4e96d0b.jpg,"[""1 0.5 0.5 0.7 0.7""	 ""0 0.5 0.5 0.8 0.8""]"
8b1bf9a5-a203-4c74-a9c0-26718f2ee76b.jpg,"[""1 0.5 0.5 0.7 0.7""	 ""0 0.5 0.5 0.8 0.8""]"
b8da0108-bb6d-4768-94b8-cc97052f69ed.jpg,"[""1 0.5 0.5 0.7 0.7""	 ""0 0.5 0.5 0.8 0.8""]"
d7fc3be0-c701-4923-bc08-9530b3d743b8.jpg,"[""1 0.5 0.5 0.7 0.7""	 ""0 0.5 0.5 0.8 0.8""]"
56d4383d-57d4-423a-b506-0e078adb37d9.jpg,"[""1 0.5 0.5 0.7 0.7""	 ""0 0.5 0.5 0.8 0.8""]"
c6279408-e99a-450b-bdcf-1aa659c4b59e.jpg,"[""1 0.5 0.5 0.7 0.7""	 ""0 0.5 0.5 0.8 0.8""]"
1142eca5-5a56-4c08-80b8-e9af6e4b4081.jpg,"[""1 0.5 0.5 0.7 0.7""	 ""0 0.5 0.5 0.8 0.8""]"
38f3beb6-c057-457f-bcc3-62ba155046a1.jpg,"[""1 0.5 0.5 0.7 0.7""	 ""0 0.5 0.5 0.8 0.8""]"
4fdb238b-eb1a-4561-b7ba-dd81cec3eeaf.jpg,"[""1 0.5 0.5 0.7 0.7""	 ""0 0.5 0.5 0.8 0.8""]"
15b7627a-7728-4228-9067-501360d7cdf4.jpg,"[""1 0.5 0.5 0.7 0.7""	 ""0 0.5 0.5 0.8 0.8""]"
8595dc31-836c-444d-8ca0-6f7f02436f21.jpg,"[""1 0.5 0.5 0.7 0.7""	 ""0 0.5 0.5 0.8 0.8""]"
6673f932-fef6-4cbb-b06e-0380b21d9310.jpg,"[""1 0.5 0.5 0.7 0.7""	 ""0 0.5 0.5 0.8 0.8""]"
91a3de61-5739-4b3f-855d-a0a4f87e0e5b.jpg,"[""1 0.5 0.5 0.7 0.7""	 ""0 0.5 0.5 0.8 0.8""]"
a5d587f5-6a2d-4a2a-ab39-f2eadf529c6a.jpg,"[""1 0.5 0.5 0.7 0.7""	 ""0 0.5 0.5 0.8 0.8""]"
548ebddd-fea8-47a1-8cd3-66ebe60ad256.jpg,"[""1 0.5 0.5 0.7 0.7""	 ""0 0.5 0.5 0.8 0.8""]"
b2c01dd5-b9d5-45af-b21a-02176195e9e9.jpg,"[""1 0.5 0.5 0.7 0.7""	 ""0 0.5 0.5 0.8 0.8""]"
06228c23-698d-4cf6-bbc1-c5cbede5afff.jpg,"[""1 0.5 0.5 0.7 0.7""	 ""0 0.5 0.5 0.8 0.8""]"
b92484dd-1b62-416e-a7ff-1da4b12c5848.jpg,"[""1 0.5 0.5 0.7 0.7""	 ""0 0.5 0.5 0.8 0.8""]"
ef4d018a-78e9-4b95-9963-203352f45a52.jpg,"[""1 0.5 0.5 0.7 0.7""	 ""0 0.5 0.5 0.8 0.8""]"
c18100bb-509f-4661-a46d-7abfacfa4f0d.jpg,"[""1 0.5 0.5 0.7 0.7""	 ""0 0.5 0.5 0.8 0.8""]"
b22d7731-c47e-444a-a44a-d6b6b71b3087.jpg,"[""1 0.5 0.5 0.7 0.7""	 ""0 0.5 0.5 0.8 0.8""]"
6cd24155-1079-4992-80ed-879f177e8749.jpg,"[""1 0.5 0.5 0.7 0.7""	 ""0 0.5 0.5 0.8 0.8""]"
5fe29faa-ed68-4463-8a5f-47cc7ea3db8e.jpg,"[""1 0.5 0.5 0.7 0.7""	 ""0 0.5 0.5 0.8 0.8""]"
b88cf395-afe2-44b3-8f03-2532635a6b11.jpg,"[""1 0.5 0.5 0.7 0.7""	 ""0 0.5 0.5 0.8 0.8""]"
c77a566d-088c-47b4-982b-021119feaf01.jpg,"[""1 0.5 0.5 0.7 0.7""	 ""0 0.5 0.5 0.8 0.8""]"
6f081b32-e26c-49f3-918d-e9b6c279dd11.jpg,"[""1 0.5 0.5 0.7 0.7""	 ""0 0.5 0.5 0.8 0.8""]"
857f7294-94d9-4ed1-93a1-c53cf1f7bf49.jpg,"[""1 0.5 0.5 0.7 0.7""	 ""0 0.5 0.5 0.8 0.8""]"
d8f6066c-20d2-4093-ba1a-c3963897f6ad.jpg,"[""1 0.5 0.5 0.7 0.7""	 ""0 0.5 0.5 0.8 0.8""]"
fbe991e0-8ee2-4a91-83bb-9bd6c073d84b.jpg,"[""1 0.5 0.5 0.7 0.7""	 ""0 0.5 0.5 0.8 0.8""]"
db058939-e720-4fa2-a8b7-d2a36c1a34ce.jpg,"[""1 0.5 0.5 0.7 0.7""	 ""0 0.5 0.5 0.8 0.8""]"
811472ca-6d7e-44f0-8efb-a5a579426aff.jpg,"[""1 0.5 0.5 0.7 0.7""	 ""0 0.5 0.5 0.8 0.8""]"
53c1e93c-e9c4-47ab-a577-50276e2eea8f.jpg,"[""1 0.5 0.5 0.7 0.7""	 ""0 0.5 0.5 0.8 0.8""]"
2b757038-b6a9-41b6-b599-ac09e012905d.jpg,"[""1 0.5 0.5 0.7 0.7""	 ""0 0.5 0.5 0.8 0.8""]"
87e9f70d-1b23-41a3-be09-2bf516cf4439.jpg,"[""1 0.5 0.5 0.7 0.7""	 ""0 0.5 0.5 0.8 0.8""]"
c6fdd23d-5e59-46bc-888a-476a4a5582dc.jpg,"[""1 0.5 0.5 0.7 0.7""	 ""0 0.5 0.5 0.8 0.8""]"
3c26fc2a-1361-4ed1-9356-979f08a1f3a5.jpg,"[""1 0.5 0.5 0.7 0.7""	 ""0 0.5 0.5 0.8 0.8""]"
74d18662-ee20-4b2c-bccd-2dc5b9338a22.jpg,"[""1 0.5 0.5 0.7 0.7""	 ""0 0.5 0.5 0.8 0.8""]"
56f38a6c-7d42-4e2f-9a7f-b5f09028dbe0.jpg,"[""1 0.5 0.5 0.7 0.7""	 ""0 0.5 0.5 0.8 0.8""]"
6671a86a-9720-40c5-92d4-c510c87b11e1.jpg,"[""1 0.5 0.5 0.7 0.7""	 ""0 0.5 0.5 0.8 0.8""]"
b1032e3f-a46d-4848-a6c0-caa25460c422.jpg,"[""1 0.5 0.5 0.7 0.7""	 ""0 0.5 0.5 0.8 0.8""]"
e64e0de9-7777-4e98-b3f8-fb41bd7e52b9.jpg,"[""1 0.5 0.5 0.7 0.7""	 ""0 0.5 0.5 0.8 0.8""]"
dae5b5a6-9cad-4c0f-aaf3-01b4ac9e0d10.jpg,"[""1 0.5 0.5 0.7 0.7""	 ""0 0.5 0.5 0.8 0.8""]"
c4ca988f-7193-4cae-9c50-7d12ea56b2d0.jpg,"[""1 0.5 0.5 0.7 0.7""	 ""0 0.5 0.5 0.8 0.8""]"
511df09a-0e51-409b-b867-e6ca35d282df.jpg,"[""1 0.5 0.5 0.7 0.7""	 ""0 0.5 0.5 0.8 0.8""]"
f24677a1-481b-41fb-a433-b69d1daa81b8.jpg,"[""1 0.5 0.5 0.7 0.7""	 ""0 0.5 0.5 0.8 0.8""]"
d9651aee-0721-4838-9872-e8b4307333f7.jpg,"[""1 0.5 0.5 0.7 0.7""	 ""0 0.5 0.5 0.8 0.8""]"
2861a55a-9111-43ea-afc5-3e5c891e1968.jpg,"[""1 0.5 0.5 0.7 0.7""	 ""0 0.5 0.5 0.8 0.8""]"
619dc343-6ad0-4d6c-90ea-895f464d92f1.jpg,"[""1 0.5 0.5 0.7 0.7""	 ""0 0.5 0.5 0.8 0.8""]"
77f99115-2128-4762-a10a-0a2c0428467e.jpg,"[""1 0.5 0.5 0.7 0.7""	 ""0 0.5 0.5 0.8 0.8""]"
06aa7c38-b56f-4fac-b6ab-a7c061594a86.jpg,"[""1 0.5 0.5 0.7 0.7""	 ""0 0.5 0.5 0.8 0.8""]"
633ccb2c-0108-4d69-8535-66171ab42199.jpg,"[""1 0.5 0.5 0.7 0.7""	 ""0 0.5 0.5 0.8 0.8""]"
52ebb307-cf7c-469c-9306-7461bf698d55.jpg,"[""1 0.5 0.5 0.7 0.7""	 ""0 0.5 0.5 0.8 0.8""]"
f0036145-c2ca-4da2-ba01-ca9a7823f13c.jpg,"[""1 0.5 0.5 0.7 0.7""	 ""0 0.5 0.5 0.8 0.8""]"
b395f9c7-4768-4f30-92a0-2e1b6185b1d1.jpg,"[""1 0.5 0.5 0.7 0.7""	 ""0 0.5 0.5 0.8 0.8""]"
df8ec2d2-99cc-4c1f-9be1-84833a8fc2d1.jpg,"[""1 0.5 0.5 0.7 0.7""	 ""0 0.5 0.5 0.8 0.8""]"
f70b1972-8f16-4120-84b3-b4e6141ca0f0.jpg,"[""1 0.5 0.5 0.7 0.7""	 ""0 0.5 0.5 0.8 0.8""]"
396b6a10-c64a-4bd9-bf3c-4cedbd7117bc.jpg,"[""1 0.5 0.5 0.7 0.7""	 ""0 0.5 0.5 0.8 0.8""]"
e3b24d88-8590-466d-9217-085ef21a5d9f.jpg,"[""1 0.5 0.5 0.7 0.7""	 ""0 0.5 0.5 0.8 0.8""]"
e95c3ae3-e33b-4ae4-b942-b24bfec91b50.jpg,"[""1 0.5 0.5 0.7 0.7""	 ""0 0.5 0.5 0.8 0.8""]"
74e49376-162e-48c7-b095-2a3a96660ea4.jpg,"[""1 0.5 0.5 0.7 0.7""	 ""0 0.5 0.5 0.8 0.8""]"
2e4d3720-d9b1-4e4c-9af2-3bead7066355.jpg,"[""1 0.5 0.5 0.7 0.7""	 ""0 0.5 0.5 0.8 0.8""]"
86fc5c76-0391-48d9-b145-72f766b7d002.jpg,"[""1 0.5 0.5 0.7 0.7""	 ""0 0.5 0.5 0.8 0.8""]"
21fddcf5-cc68-4e72-bff6-66b8fa0cbe28.jpg,"[""1 0.5 0.5 0.7 0.7""	 ""0 0.5 0.5 0.8 0.8""]"
992cac3a-e08c-461e-893b-d7570080d1dc.jpg,"[""1 0.5 0.5 0.7 0.7""	 ""0 0.5 0.5 0.8 0.8""]"
c0a3a3bc-7ac1-430d-972f-040ad8be8958.jpg,"[""1 0.5 0.5 0.7 0.7""	 ""0 0.5 0.5 0.8 0.8""]"
e327ccad-aed6-4ed4-9582-069fe7977431.jpg,"[""1 0.5 0.5 0.7 0.7""	 ""0 0.5 0.5 0.8 0.8""]"
cfec0f17-3787-4e71-bff4-17ae1da21966.jpg,"[""1 0.5 0.5 0.7 0.7""	 ""0 0.5 0.5 0.8 0.8""]"
c93b6fc1-4575-4612-b8d4-111afe2e58e9.jpg,"[""1 0.5 0.5 0.7 0.7""	 ""0 0.5 0.5 0.8 0.8""]"
594aa6ce-6a36-4953-9536-ccdaa2857275.jpg,"[""1 0.5 0.5 0.7 0.7""	 ""0 0.5 0.5 0.8 0.8""]"
efb93049-9b62-4680-9508-632712740324.jpg,"[""1 0.5 0.5 0.7 0.7""	 ""0 0.5 0.5 0.8 0.8""]"
1fc2ec24-e931-4a00-b09d-666b4a4df526.jpg,"[""1 0.5 0.5 0.7 0.7""	 ""0 0.5 0.5 0.8 0.8""]"
60046bb0-7b68-441a-9ac4-b4c0dd1d49d3.jpg,"[""1 0.5 0.5 0.7 0.7""	 ""0 0.5 0.5 0.8 0.8""]"
9f0774b2-0455-48c0-9789-1a7b8c22bfcb.jpg,"[""1 0.5 0.5 0.7 0.7""	 ""0 0.5 0.5 0.8 0.8""]"
1eb887f8-9f6e-4f76-b270-fd81efe9f3e2.jpg,"[""1 0.5 0.5 0.7 0.7""	 ""0 0.5 0.5 0.8 0.8""]"
1210d773-41a9-45d3-af91-010c7d1fa989.jpg,"[""1 0.5 0.5 0.7 0.7""	 ""0 0.5 0.5 0.8 0.8""]"
876bc100-4970-48ed-aa94-0201092faec6.jpg,"[""1 0.5 0.5 0.7 0.7""	 ""0 0.5 0.5 0.8 0.8""]"
2c538266-15f1-4e8f-ad31-b3ad6b0ee980.jpg,"[""1 0.5 0.5 0.7 0.7""	 ""0 0.5 0.5 0.8 0.8""]"
1d2babcc-cccf-4450-bc71-772d742e06c1.jpg,"[""1 0.5 0.5 0.7 0.7""	 ""0 0.5 0.5 0.8 0.8""]"
44e1bf46-c982-40dc-b7ec-5e2408fcee1e.jpg,"[""1 0.5 0.5 0.7 0.7""	 ""0 0.5 0.5 0.8 0.8""]"
cfb7bcef-9542-4d40-b453-745ff63e875d.jpg,"[""1 0.5 0.5 0.7 0.7""	 ""0 0.5 0.5 0.8 0.8""]"
4158f3f1-793c-46ef-aa37-1ba0b23a5745.jpg,"[""1 0.5 0.5 0.7 0.7""	 ""0 0.5 0.5 0.8 0.8""]"
4e3633e5-2f63-4ccf-9149-83036917c532.jpg,"[""1 0.5 0.5 0.7 0.7""	 ""0 0.5 0.5 0.8 0.8""]"
e8c57c3f-14aa-49e5-b1ac-933e0b1ef17f.jpg,"[""1 0.5 0.5 0.7 0.7""	 ""0 0.5 0.5 0.8 0.8""]"
68416c05-4f07-4ef0-a4fe-2105d9e8ede6.jpg,"[""1 0.5 0.5 0.7 0.7""	 ""0 0.5 0.5 0.8 0.8""]"
adfa06ed-772e-48f0-93b3-bb79f2b6a71d.jpg,"[""1 0.5 0.5 0.7 0.7""	 ""0 0.5 0.5 0.8 0.8""]"
d608486f-959e-4a2a-9bf4-1d574142960c.jpg,"[""1 0.5 0.5 0.7 0.7""	 ""0 0.5 0.5 0.8 0.8""]"
069d1127-9225-46ec-9798-8d82ad1f0aa2.jpg,"[""1 0.5 0.5 0.7 0.7""	 ""0 0.5 0.5 0.8 0.8""]"
f6831ca3-da3d-490f-8f04-5a6a22202f1c.jpg,"[""1 0.5 0.5 0.7 0.7""	 ""0 0.5 0.5 0.8 0.8""]"
0385202e-da09-4f2a-9068-d506c862bbd6.jpg,"[""1 0.5 0.5 0.7 0.7""	 ""0 0.5 0.5 0.8 0.8""]"
c8c9cfda-a4b4-4682-9328-6eca629902ba.jpg,"[""1 0.5 0.5 0.7 0.7""	 ""0 0.5 0.5 0.8 0.8""]"
1e2c07fa-a0c9-4201-9aa2-68b651fe9065.jpg,"[""1 0.5 0.5 0.7 0.7""	 ""0 0.5 0.5 0.8 0.8""]"
d1945ff1-0c68-4b3a-ad78-e89e86cfea4c.jpg,"[""1 0.5 0.5 0.7 0.7""	 ""0 0.5 0.5 0.8 0.8""]"
c1075255-1e94-4384-ad8e-7574613e89b1.jpg,"[""1 0.5 0.5 0.7 0.7""	 ""0 0.5 0.5 0.8 0.8""]"
94eba2cf-2025-4b3b-a921-dbda52dad6f7.jpg,"[""1 0.5 0.5 0.7 0.7""	 ""0 0.5 0.5 0.8 0.8""]"
6bf0850d-ee6c-49f6-819c-8251c9e2bc93.jpg,"[""1 0.5 0.5 0.7 0.7""	 ""0 0.5 0.5 0.8 0.8""]"
5aa67b34-7b18-4640-b1cc-22d4d6aca688.jpg,"[""1 0.5 0.5 0.7 0.7""	 ""0 0.5 0.5 0.8 0.8""]"
1d4aa045-c827-4fbb-8ab7-b43d55dc9881.jpg,"[""1 0.5 0.5 0.7 0.7""	 ""0 0.5 0.5 0.8 0.8""]"
46ecac78-0c46-4c7f-8df0-a184e9faf7d0.jpg,"[""1 0.5 0.5 0.7 0.7""	 ""0 0.5 0.5 0.8 0.8""]"
f947beb0-9477-4a03-8640-9c95057bd72d.jpg,"[""1 0.5 0.5 0.7 0.7""	 ""0 0.5 0.5 0.8 0.8""]"
ee4a13d1-a83e-40b3-bad1-f79ad011f984.jpg,"[""1 0.5 0.5 0.7 0.7""	 ""0 0.5 0.5 0.8 0.8""]"
aa61548a-8148-45c5-9561-267ef7e0595d.jpg,"[""1 0.5 0.5 0.7 0.7""	 ""0 0.5 0.5 0.8 0.8""]"
262cac44-59b5-4e93-8a2d-93a9f661d295.jpg,"[""1 0.5 0.5 0.7 0.7""	 ""0 0.5 0.5 0.8 0.8""]"
f78a2ff4-c62c-4451-a018-4c30670de539.jpg,"[""1 0.5 0.5 0.7 0.7""	 ""0 0.5 0.5 0.8 0.8""]"
3ed55dd4-0578-415e-aec4-853c5150ce42.jpg,"[""1 0.5 0.5 0.7 0.7""	 ""0 0.5 0.5 0.8 0.8""]"
f7b42457-e0b8-4382-b3cd-4c1b2108e7b0.jpg,"[""1 0.5 0.5 0.7 0.7""	 ""0 0.5 0.5 0.8 0.8""]"
95befb49-95ce-471a-9487-43f566e21334.jpg,"[""1 0.5 0.5 0.7 0.7""	 ""0 0.5 0.5 0.8 0.8""]"
333329fe-345c-4204-a8a5-cbfa8c279763.jpg,"[""1 0.5 0.5 0.7 0.7""	 ""0 0.5 0.5 0.8 0.8""]"
ad6bdb9f-3423-4219-88be-f1ff49ad8511.jpg,"[""1 0.5 0.5 0.7 0.7""	 ""0 0.5 0.5 0.8 0.8""]"
ca018e27-29ca-427b-8780-a31ad4f0885f.jpg,"[""1 0.5 0.5 0.7 0.7""	 ""0 0.5 0.5 0.8 0.8""]"
678774bd-f8f3-4a10-9227-4afa2f7f5600.jpg,"[""1 0.5 0.5 0.7 0.7""	 ""0 0.5 0.5 0.8 0.8""]"
9ae9fe7b-186b-48df-9620-405f3acbdd93.jpg,"[""1 0.5 0.5 0.7 0.7""	 ""0 0.5 0.5 0.8 0.8""]"
501bf53b-9088-4d06-873a-5d68879135a3.jpg,"[""1 0.5 0.5 0.7 0.7""	 ""0 0.5 0.5 0.8 0.8""]"
efa1a6ca-8049-461f-a95e-7ef9f4273a0c.jpg,"[""1 0.5 0.5 0.7 0.7""	 ""0 0.5 0.5 0.8 0.8""]"
157c03e8-5e77-4f27-97b1-2084974a083f.jpg,"[""1 0.5 0.5 0.7 0.7""	 ""0 0.5 0.5 0.8 0.8""]"
ed65182c-3cba-40ca-b0e2-bccfb1ba96d2.jpg,"[""1 0.5 0.5 0.7 0.7""	 ""0 0.5 0.5 0.8 0.8""]"
ea5a8cb1-3e53-4ba9-979a-6844d7b555ce.jpg,"[""1 0.5 0.5 0.7 0.7""	 ""0 0.5 0.5 0.8 0.8""]"
ef6bf4bc-76c4-41cf-9743-897a409ea646.jpg,"[""1 0.5 0.5 0.7 0.7""	 ""0 0.5 0.5 0.8 0.8""]"
fdd6ace7-9fa1-44c2-a239-6d1a0f238fb3.jpg,"[""1 0.5 0.5 0.7 0.7""	 ""0 0.5 0.5 0.8 0.8""]"
6b300e12-7bd8-43a4-a049-d8e73cf4cd2b.jpg,"[""1 0.5 0.5 0.7 0.7""	 ""0 0.5 0.5 0.8 0.8""]"
eeb3517d-7fc4-487c-9b75-1256692f9520.jpg,"[""1 0.5 0.5 0.7 0.7""	 ""0 0.5 0.5 0.8 0.8""]"
027705c4-d242-4cc8-af77-c960a32dd6c6.jpg,"[""1 0.5 0.5 0.7 0.7""	 ""0 0.5 0.5 0.8 0.8""]"
df5330ba-a17f-4a8a-b5b9-525ed9461db7.jpg,"[""1 0.5 0.5 0.7 0.7""	 ""0 0.5 0.5 0.8 0.8""]"
cfc6f99a-9937-4cfb-9e22-e489be3503a3.jpg,"[""1 0.5 0.5 0.7 0.7""	 ""0 0.5 0.5 0.8 0.8""]"
770848f2-17e4-439e-a978-d93a44eac9f4.jpg,"[""1 0.5 0.5 0.7 0.7""	 ""0 0.5 0.5 0.8 0.8""]"
bd3cb22e-6815-48d2-ab97-cdc352112fd7.jpg,"[""1 0.5 0.5 0.7 0.7""	 ""0 0.5 0.5 0.8 0.8""]"
fa782ab5-e9e3-4e98-8597-b3e1fe67b029.jpg,"[""1 0.5 0.5 0.7 0.7""	 ""0 0.5 0.5 0.8 0.8""]"
21783c91-9e1c-4dff-8a5c-a7f64dddc9ef.jpg,"[""1 0.5 0.5 0.7 0.7""	 ""0 0.5 0.5 0.8 0.8""]"
d1eb4a0f-874d-46ad-9c18-8ad04f0f66a6.jpg,"[""1 0.5 0.5 0.7 0.7""	 ""0 0.5 0.5 0.8 0.8""]"
a1b3d3e8-db55-4e7c-98a0-6d8cb7b82e28.jpg,"[""1 0.5 0.5 0.7 0.7""	 ""0 0.5 0.5 0.8 0.8""]"
f61569dc-4aa7-43f3-a04e-f07fa5adff48.jpg,"[""1 0.5 0.5 0.7 0.7""	 ""0 0.5 0.5 0.8 0.8""]"
1e88fead-8855-4be5-8fac-a5694b84976b.jpg,"[""1 0.5 0.5 0.7 0.7""	 ""0 0.5 0.5 0.8 0.8""]"
7e5318f2-a14a-4e43-b86e-1193d54a9747.jpg,"[""1 0.5 0.5 0.7 0.7""	 ""0 0.5 0.5 0.8 0.8""]"
0a3835f7-581e-4b63-947e-a218e01751c3.jpg,"[""1 0.5 0.5 0.7 0.7""	 ""0 0.5 0.5 0.8 0.8""]"
88dd4e4b-0c69-44ce-b09d-fa6dae637a0d.jpg,"[""1 0.5 0.5 0.7 0.7""	 ""0 0.5 0.5 0.8 0.8""]"
7fca5fc5-28a5-4bd6-9db0-2dc84a139575.jpg,"[""1 0.5 0.5 0.7 0.7""	 ""0 0.5 0.5 0.8 0.8""]"
979d8345-f8a5-4fce-95c2-9359105bf6d8.jpg,"[""1 0.5 0.5 0.7 0.7""	 ""0 0.5 0.5 0.8 0.8""]"
57deb421-6767-4647-9fc1-1cc3f854be32.jpg,"[""1 0.5 0.5 0.7 0.7""	 ""0 0.5 0.5 0.8 0.8""]"
a3c699d6-fb8c-4495-9068-a90b58157d25.jpg,"[""1 0.5 0.5 0.7 0.7""	 ""0 0.5 0.5 0.8 0.8""]"
eb15160d-60a2-4500-bb92-f1e63cc57fcf.jpg,"[""1 0.5 0.5 0.7 0.7""	 ""0 0.5 0.5 0.8 0.8""]"
4ddf7ac4-2f72-4bba-a983-149cb1da5425.jpg,"[""1 0.5 0.5 0.7 0.7""	 ""0 0.5 0.5 0.8 0.8""]"
46c0bc11-b448-4b37-8002-a5c959107a80.jpg,"[""1 0.5 0.5 0.7 0.7""	 ""0 0.5 0.5 0.8 0.8""]"
e6275c3e-c142-4e18-b47c-5ea8172b9bfd.jpg,"[""1 0.5 0.5 0.7 0.7""	 ""0 0.5 0.5 0.8 0.8""]"
0d30c837-3fa0-4641-9296-ff990c5f32e5.jpg,"[""1 0.5 0.5 0.7 0.7""	 ""0 0.5 0.5 0.8 0.8""]"
94509291-863b-49c5-8da7-ed6883b21887.jpg,"[""1 0.5 0.5 0.7 0.7""	 ""0 0.5 0.5 0.8 0.8""]"
c24851ea-32fd-4c6f-b56c-5dfd828d187e.jpg,"[""1 0.5 0.5 0.7 0.7""	 ""0 0.5 0.5 0.8 0.8""]"
28fd19fc-e85c-4240-87e8-e247bf8da285.jpg,"[""1 0.5 0.5 0.7 0.7""	 ""0 0.5 0.5 0.8 0.8""]"
cfec0f59-97c2-479a-9bff-6e004e416bca.jpg,"[""1 0.5 0.5 0.7 0.7""	 ""0 0.5 0.5 0.8 0.8""]"
4cb02244-024d-440b-912c-43caf9d62bb5.jpg,"[""1 0.5 0.5 0.7 0.7""	 ""0 0.5 0.5 0.8 0.8""]"
2260f0e4-74ff-4975-9f20-16526b3ae408.jpg,"[""1 0.5 0.5 0.7 0.7""	 ""0 0.5 0.5 0.8 0.8""]"
d9234f82-fda2-4654-801b-f9cbc723d88a.jpg,"[""1 0.5 0.5 0.7 0.7""	 ""0 0.5 0.5 0.8 0.8""]"
9d5ec3aa-fc48-4106-a04f-4a156fa84886.jpg,"[""1 0.5 0.5 0.7 0.7""	 ""0 0.5 0.5 0.8 0.8""]"
66187567-f37e-4855-bf23-170d2ee3ed25.jpg,"[""1 0.5 0.5 0.7 0.7""	 ""0 0.5 0.5 0.8 0.8""]"
9cb9dae8-7a48-4b7b-ae80-e6685537b74f.jpg,"[""1 0.5 0.5 0.7 0.7""	 ""0 0.5 0.5 0.8 0.8""]"
4491d3ef-1a22-40e4-8932-5c6d0f941b5c.jpg,"[""1 0.5 0.5 0.7 0.7""	 ""0 0.5 0.5 0.8 0.8""]"
17d21e60-a4f0-4594-b7ea-8377d35e80d7.jpg,"[""1 0.5 0.5 0.7 0.7""	 ""0 0.5 0.5 0.8 0.8""]"
da8ad155-12dd-418e-a452-00f311b77ca7.jpg,"[""1 0.5 0.5 0.7 0.7""	 ""0 0.5 0.5 0.8 0.8""]"
406cbf78-9973-430c-a7dd-afe2a760b4f9.jpg,"[""1 0.5 0.5 0.7 0.7""	 ""0 0.5 0.5 0.8 0.8""]"
11d6c531-0e5d-4450-9092-85a5bc499d5c.jpg,"[""1 0.5 0.5 0.7 0.7""	 ""0 0.5 0.5 0.8 0.8""]"
75251a16-d2c5-4120-bacf-878c6c6525e5.jpg,"[""1 0.5 0.5 0.7 0.7""	 ""0 0.5 0.5 0.8 0.8""]"
677091fe-b663-4521-bdfb-6f8633ff683d.jpg,"[""1 0.5 0.5 0.7 0.7""	 ""0 0.5 0.5 0.8 0.8""]"
bbe83b13-ff5d-4eaa-bddc-7ff7c2be4037.jpg,"[""1 0.5 0.5 0.7 0.7""	 ""0 0.5 0.5 0.8 0.8""]"
db7d105a-926e-4a9a-a1bb-94ceccfda061.jpg,"[""1 0.5 0.5 0.7 0.7""	 ""0 0.5 0.5 0.8 0.8""]"
4ea113d2-f4c9-4f7f-82e0-cc349c090502.jpg,"[""1 0.5 0.5 0.7 0.7""	 ""0 0.5 0.5 0.8 0.8""]"
7a3e185a-87ea-40a0-a1a1-6e71638ad1aa.jpg,"[""1 0.5 0.5 0.7 0.7""	 ""0 0.5 0.5 0.8 0.8""]"
945529f2-9db4-4b88-9342-1ffc16be379e.jpg,"[""1 0.5 0.5 0.7 0.7""	 ""0 0.5 0.5 0.8 0.8""]"
9db993e0-a744-484b-b629-efa1591523bf.jpg,"[""1 0.5 0.5 0.7 0.7""	 ""0 0.5 0.5 0.8 0.8""]"
444cf355-4641-40e5-b2cd-47646c257a64.jpg,"[""1 0.5 0.5 0.7 0.7""	 ""0 0.5 0.5 0.8 0.8""]"
164e5395-7695-4464-a91a-0bf6c9a77f0b.jpg,"[""1 0.5 0.5 0.7 0.7""	 ""0 0.5 0.5 0.8 0.8""]"
bf1de181-f049-45d2-8d4e-7a46292a6d62.jpg,"[""1 0.5 0.5 0.7 0.7""	 ""0 0.5 0.5 0.8 0.8""]"
d02f0100-a56b-4702-b943-78b411a55b4a.jpg,"[""1 0.5 0.5 0.7 0.7""	 ""0 0.5 0.5 0.8 0.8""]"
fec5b0ca-ae70-4eb6-88ab-a956ee698c0e.jpg,"[""1 0.5 0.5 0.7 0.7""	 ""0 0.5 0.5 0.8 0.8""]"
cbd8cfd5-0efe-49d7-a2e2-74fcf104f3a7.jpg,"[""1 0.5 0.5 0.7 0.7""	 ""0 0.5 0.5 0.8 0.8""]"
d85d8206-06ea-420e-bc6e-fcf5386b64ea.jpg,"[""1 0.5 0.5 0.7 0.7""	 ""0 0.5 0.5 0.8 0.8""]"
50055ec9-32a8-4634-b4f3-29e05f55ad12.jpg,"[""1 0.5 0.5 0.7 0.7""	 ""0 0.5 0.5 0.8 0.8""]"
ae8a4b34-9560-4b61-820b-82ba3f69087b.jpg,"[""1 0.5 0.5 0.7 0.7""	 ""0 0.5 0.5 0.8 0.8""]"
dc79a9c1-803d-43ab-9bfd-8becdf31bc96.jpg,"[""1 0.5 0.5 0.7 0.7""	 ""0 0.5 0.5 0.8 0.8""]"
7b03f822-d18e-42d9-a1cb-8cac2c89925e.jpg,"[""1 0.5 0.5 0.7 0.7""	 ""0 0.5 0.5 0.8 0.8""]"
38db4ba2-700d-4d2e-8409-ca0a873bf624.jpg,"[""1 0.5 0.5 0.7 0.7""	 ""0 0.5 0.5 0.8 0.8""]"
e24d963f-1764-4917-b8d9-6ef7f8507fdc.jpg,"[""1 0.5 0.5 0.7 0.7""	 ""0 0.5 0.5 0.8 0.8""]"
6e0d4f42-3096-4e20-bab7-8f7c7975720d.jpg,"[""1 0.5 0.5 0.7 0.7""	 ""0 0.5 0.5 0.8 0.8""]"
7c88ab34-eedc-4197-9339-5041b68e2d1f.jpg,"[""1 0.5 0.5 0.7 0.7""	 ""0 0.5 0.5 0.8 0.8""]"
b6e595d9-cea7-40ab-b693-6d9d72c89b1c.jpg,"[""1 0.5 0.5 0.7 0.7""	 ""0 0.5 0.5 0.8 0.8""]"
dc53536f-83fc-4b62-b798-743be4998485.jpg,"[""1 0.5 0.5 0.7 0.7""	 ""0 0.5 0.5 0.8 0.8""]"
37476eb9-878e-4856-bb51-7b52e0b303c1.jpg,"[""1 0.5 0.5 0.7 0.7""	 ""0 0.5 0.5 0.8 0.8""]"
eefc5e1d-fa79-45ba-a9bd-c3f0a0d047e9.jpg,"[""1 0.5 0.5 0.7 0.7""	 ""0 0.5 0.5 0.8 0.8""]"
20af40f3-e56f-424f-ace6-1386bb53c51c.jpg,"[""1 0.5 0.5 0.7 0.7""	 ""0 0.5 0.5 0.8 0.8""]"
fec8e805-1de0-49f1-a4c2-513888fc7dc6.jpg,"[""1 0.5 0.5 0.7 0.7""	 ""0 0.5 0.5 0.8 0.8""]"
60cb29ec-5821-406b-a840-f957ffbccb2d.jpg,"[""1 0.5 0.5 0.7 0.7""	 ""0 0.5 0.5 0.8 0.8""]"
74ecebd4-83df-4fd2-89d8-dabd1e7afc39.jpg,"[""1 0.5 0.5 0.7 0.7""	 ""0 0.5 0.5 0.8 0.8""]"
4791298b-1680-4205-a431-3827030a0a02.jpg,"[""1 0.5 0.5 0.7 0.7""	 ""0 0.5 0.5 0.8 0.8""]"
dd916fc0-02c4-47b4-ad93-8483dcb8940c.jpg,"[""1 0.5 0.5 0.7 0.7""	 ""0 0.5 0.5 0.8 0.8""]"
8de1a34b-315a-43cd-a7ae-e7f7ca4ae30a.jpg,"[""1 0.5 0.5 0.7 0.7""	 ""0 0.5 0.5 0.8 0.8""]"
22037af6-d4e2-47d1-828f-1d18fcb9f44d.jpg,"[""1 0.5 0.5 0.7 0.7""	 ""0 0.5 0.5 0.8 0.8""]"
b699fff5-0799-4b4e-bf90-aa8e1f2c53cc.jpg,"[""1 0.5 0.5 0.7 0.7""	 ""0 0.5 0.5 0.8 0.8""]"
48456124-d562-432c-b581-799c27ab82bb.jpg,"[""1 0.5 0.5 0.7 0.7""	 ""0 0.5 0.5 0.8 0.8""]"
0a8ab163-4c9a-40e0-89bc-8057615680a7.jpg,"[""1 0.5 0.5 0.7 0.7""	 ""0 0.5 0.5 0.8 0.8""]"
ec70aab5-c6e4-4c04-999b-9af8f8be6ec8.jpg,"[""1 0.5 0.5 0.7 0.7""	 ""0 0.5 0.5 0.8 0.8""]"
3f7cbd29-629c-4f82-bd2a-fdbf1ebe3c31.jpg,"[""1 0.5 0.5 0.7 0.7""	 ""0 0.5 0.5 0.8 0.8""]"
9c3ab0ff-ba51-44ee-9dba-968be00262ae.jpg,"[""1 0.5 0.5 0.7 0.7""	 ""0 0.5 0.5 0.8 0.8""]"
7000b100-3374-4149-9427-bbec76c80229.jpg,"[""1 0.5 0.5 0.7 0.7""	 ""0 0.5 0.5 0.8 0.8""]"
6d33c1ee-a361-4044-94cd-1969668442e3.jpg,"[""1 0.5 0.5 0.7 0.7""	 ""0 0.5 0.5 0.8 0.8""]"
f3f50b27-5a20-4c4f-abf1-14da93dfd76f.jpg,"[""1 0.5 0.5 0.7 0.7""	 ""0 0.5 0.5 0.8 0.8""]"
b2409775-da4e-49c6-bbb9-63876a846aa7.jpg,"[""1 0.5 0.5 0.7 0.7""	 ""0 0.5 0.5 0.8 0.8""]"
3c19d2e8-a42e-4035-9251-a0d53815d5e3.jpg,"[""1 0.5 0.5 0.7 0.7""	 ""0 0.5 0.5 0.8 0.8""]"
9ddd2187-7809-443a-9fa0-b0561520998e.jpg,"[""1 0.5 0.5 0.7 0.7""	 ""0 0.5 0.5 0.8 0.8""]"
32448f37-cd8a-4090-bda6-9edd52e14937.jpg,"[""1 0.5 0.5 0.7 0.7""	 ""0 0.5 0.5 0.8 0.8""]"
b0fdd913-47f7-4927-847b-b124a41610a0.jpg,"[""1 0.5 0.5 0.7 0.7""	 ""0 0.5 0.5 0.8 0.8""]"
d59ab0a8-0f1a-4c77-a000-69eff931ceee.jpg,"[""1 0.5 0.5 0.7 0.7""	 ""0 0.5 0.5 0.8 0.8""]"
3672cde8-e93c-4ce1-b573-86593c21c242.jpg,"[""1 0.5 0.5 0.7 0.7""	 ""0 0.5 0.5 0.8 0.8""]"
d2e538c2-e2d4-41a0-b5ea-46e0ef433877.jpg,"[""1 0.5 0.5 0.7 0.7""	 ""0 0.5 0.5 0.8 0.8""]"
634f333b-e5e9-41d2-bd5d-40615918b857.jpg,"[""1 0.5 0.5 0.7 0.7""	 ""0 0.5 0.5 0.8 0.8""]"
e3b9fdd2-778f-4cb1-90d1-a306a533a088.jpg,"[""1 0.5 0.5 0.7 0.7""	 ""0 0.5 0.5 0.8 0.8""]"
9afc36d7-bd6a-46b1-b519-a136206e5db7.jpg,"[""1 0.5 0.5 0.7 0.7""	 ""0 0.5 0.5 0.8 0.8""]"
fc86fb6e-816a-4ff4-b82b-7aab53a90376.jpg,"[""1 0.5 0.5 0.7 0.7""	 ""0 0.5 0.5 0.8 0.8""]"
0a240c70-2c5c-4ed6-98ca-64c066cee7d3.jpg,"[""1 0.5 0.5 0.7 0.7""	 ""0 0.5 0.5 0.8 0.8""]"
68aa709a-d85e-433f-884d-8fd0924726db.jpg,"[""1 0.5 0.5 0.7 0.7""	 ""0 0.5 0.5 0.8 0.8""]"
0940556f-7b12-4c5b-8a35-c67eb21bc3f8.jpg,"[""1 0.5 0.5 0.7 0.7""	 ""0 0.5 0.5 0.8 0.8""]"
1c397efb-7827-4671-a6da-1652f6225fc2.jpg,"[""1 0.5 0.5 0.7 0.7""	 ""0 0.5 0.5 0.8 0.8""]"
22816f48-d3ff-409e-930c-6f892e24dbc7.jpg,"[""1 0.5 0.5 0.7 0.7""	 ""0 0.5 0.5 0.8 0.8""]"
051c9a21-6a95-43e8-a93d-3e5ad5ca8882.jpg,"[""1 0.5 0.5 0.7 0.7""	 ""0 0.5 0.5 0.8 0.8""]"
ba674a1a-50f2-48c1-bd3b-4b953f653729.jpg,"[""1 0.5 0.5 0.7 0.7""	 ""0 0.5 0.5 0.8 0.8""]"
05a09e48-ae7a-4c92-a1a7-8e080b1c6be1.jpg,"[""1 0.5 0.5 0.7 0.7""	 ""0 0.5 0.5 0.8 0.8""]"
a6d554cd-197c-4f40-835f-47e28ec385df.jpg,"[""1 0.5 0.5 0.7 0.7""	 ""0 0.5 0.5 0.8 0.8""]"
fe88ac0d-b5c0-4ba3-b813-3b70e9d3a8ef.jpg,"[""1 0.5 0.5 0.7 0.7""	 ""0 0.5 0.5 0.8 0.8""]"
2207dd54-a11b-44cb-b190-1190eba52f04.jpg,"[""1 0.5 0.5 0.7 0.7""	 ""0 0.5 0.5 0.8 0.8""]"
6127ef7f-8cea-4e52-b361-f257f0a6b169.jpg,"[""1 0.5 0.5 0.7 0.7""	 ""0 0.5 0.5 0.8 0.8""]"
410fcdf4-183a-40c0-8667-99bd35623fc7.jpg,"[""1 0.5 0.5 0.7 0.7""	 ""0 0.5 0.5 0.8 0.8""]"
6a2e31b5-ec4b-43c4-811e-3e2fb44e2962.jpg,"[""1 0.5 0.5 0.7 0.7""	 ""0 0.5 0.5 0.8 0.8""]"
5b899b23-b8fb-4530-a0fa-06d23483a392.jpg,"[""1 0.5 0.5 0.7 0.7""	 ""0 0.5 0.5 0.8 0.8""]"
4bc2a983-b7ac-4aac-984e-2a51b54e175d.jpg,"[""1 0.5 0.5 0.7 0.7""	 ""0 0.5 0.5 0.8 0.8""]"
36adbd25-8b45-403d-b85e-06ceeab047dc.jpg,"[""1 0.5 0.5 0.7 0.7""	 ""0 0.5 0.5 0.8 0.8""]"
4148b203-995f-4e1b-96b3-12d0a906408e.jpg,"[""1 0.5 0.5 0.7 0.7""	 ""0 0.5 0.5 0.8 0.8""]"
4175a057-e502-4c6d-ab33-b44c0a9cd94a.jpg,"[""1 0.5 0.5 0.7 0.7""	 ""0 0.5 0.5 0.8 0.8""]"
0db341f1-12b5-4e20-a93b-74a9c8be2d88.jpg,"[""1 0.5 0.5 0.7 0.7""	 ""0 0.5 0.5 0.8 0.8""]"
c6be30cc-ab45-4c59-873c-bcc8e2824612.jpg,"[""1 0.5 0.5 0.7 0.7""	 ""0 0.5 0.5 0.8 0.8""]"
4b5ff11e-36c9-4b15-8d5d-8c4385b9d311.jpg,"[""1 0.5 0.5 0.7 0.7""	 ""0 0.5 0.5 0.8 0.8""]"
17d0020a-dd9b-4779-abe9-12a0cad464da.jpg,"[""1 0.5 0.5 0.7 0.7""	 ""0 0.5 0.5 0.8 0.8""]"
cffa9635-6201-4d32-9fe4-4f42e3b2118b.jpg,"[""1 0.5 0.5 0.7 0.7""	 ""0 0.5 0.5 0.8 0.8""]"
f40b652b-f10a-40d3-9d7a-346e0d179a79.jpg,"[""1 0.5 0.5 0.7 0.7""	 ""0 0.5 0.5 0.8 0.8""]"
77687e6e-05de-42b4-9a07-b16559a1c00a.jpg,"[""1 0.5 0.5 0.7 0.7""	 ""0 0.5 0.5 0.8 0.8""]"
41011e87-fc6f-43cc-9955-7471d600a4b1.jpg,"[""1 0.5 0.5 0.7 0.7""	 ""0 0.5 0.5 0.8 0.8""]"
9bb49176-436d-462d-ad3f-0d64ea0a1857.jpg,"[""1 0.5 0.5 0.7 0.7""	 ""0 0.5 0.5 0.8 0.8""]"
fc43a863-2b2c-44b7-a4ad-a38a564f2b45.jpg,"[""1 0.5 0.5 0.7 0.7""	 ""0 0.5 0.5 0.8 0.8""]"
cb390883-40c4-4e15-8efa-d872ae74280e.jpg,"[""1 0.5 0.5 0.7 0.7""	 ""0 0.5 0.5 0.8 0.8""]"
444943c6-d28f-46f7-8178-7633249f44ac.jpg,"[""1 0.5 0.5 0.7 0.7""	 ""0 0.5 0.5 0.8 0.8""]"
c0a5a925-8ea7-4a91-9b46-4f61483c38f7.jpg,"[""1 0.5 0.5 0.7 0.7""	 ""0 0.5 0.5 0.8 0.8""]"
f61ea679-416a-4f89-a895-f77475c963a4.jpg,"[""1 0.5 0.5 0.7 0.7""	 ""0 0.5 0.5 0.8 0.8""]"
78de857b-ffc9-4c46-85ce-28ce168e30a1.jpg,"[""1 0.5 0.5 0.7 0.7""	 ""0 0.5 0.5 0.8 0.8""]"
80c05a26-0d55-4406-a0e0-2538ea7fcfc8.jpg,"[""1 0.5 0.5 0.7 0.7""	 ""0 0.5 0.5 0.8 0.8""]"
664b5672-8041-4a8a-8e00-c898fbced22e.jpg,"[""1 0.5 0.5 0.7 0.7""	 ""0 0.5 0.5 0.8 0.8""]"
c850f5fe-2f3c-4dfe-815e-81a31a04e870.jpg,"[""1 0.5 0.5 0.7 0.7""	 ""0 0.5 0.5 0.8 0.8""]"
d124af7a-7b3d-474b-9212-9431c4f121de.jpg,"[""1 0.5 0.5 0.7 0.7""	 ""0 0.5 0.5 0.8 0.8""]"
d9bd196e-2041-41e2-9f65-53de7df6268f.jpg,"[""1 0.5 0.5 0.7 0.7""	 ""0 0.5 0.5 0.8 0.8""]"
6d6fa600-5916-4b30-8e29-8e453f28d76d.jpg,"[""1 0.5 0.5 0.7 0.7""	 ""0 0.5 0.5 0.8 0.8""]"
2815f129-8da9-4e45-9daa-7821510e69d6.jpg,"[""1 0.5 0.5 0.7 0.7""	 ""0 0.5 0.5 0.8 0.8""]"
16e24c54-acf0-44db-826b-163a883c4639.jpg,"[""1 0.5 0.5 0.7 0.7""	 ""0 0.5 0.5 0.8 0.8""]"
bbe04e0a-ab16-4485-a50e-462a01f3ac9f.jpg,"[""1 0.5 0.5 0.7 0.7""	 ""0 0.5 0.5 0.8 0.8""]"
580a9039-29b0-40a0-89ef-060176e1446f.jpg,"[""1 0.5 0.5 0.7 0.7""	 ""0 0.5 0.5 0.8 0.8""]"
02ad3b79-23c4-428b-8f19-165a0ffe0a33.jpg,"[""1 0.5 0.5 0.7 0.7""	 ""0 0.5 0.5 0.8 0.8""]"
0ae1916a-7228-446a-b53e-215113a14b72.jpg,"[""1 0.5 0.5 0.7 0.7""	 ""0 0.5 0.5 0.8 0.8""]"
21a26a41-e1c5-4dba-a52f-d73c2832c95c.jpg,"[""1 0.5 0.5 0.7 0.7""	 ""0 0.5 0.5 0.8 0.8""]"
1ed025d5-1566-4c13-8d1a-ca21de0f2e07.jpg,"[""1 0.5 0.5 0.7 0.7""	 ""0 0.5 0.5 0.8 0.8""]"
80faff59-2e20-402d-8912-a1491d8bdf2c.jpg,"[""1 0.5 0.5 0.7 0.7""	 ""0 0.5 0.5 0.8 0.8""]"
278bf551-3a6f-4b8c-bf99-2300a93378d3.jpg,"[""1 0.5 0.5 0.7 0.7""	 ""0 0.5 0.5 0.8 0.8""]"
3411d024-9862-43e0-b405-66b8e23b69da.jpg,"[""1 0.5 0.5 0.7 0.7""	 ""0 0.5 0.5 0.8 0.8""]"
79455b0e-eb55-4130-92ec-843656e28022.jpg,"[""1 0.5 0.5 0.7 0.7""	 ""0 0.5 0.5 0.8 0.8""]"
357acda3-e29b-48f9-aa5b-1ceb8c2dac3f.jpg,"[""1 0.5 0.5 0.7 0.7""	 ""0 0.5 0.5 0.8 0.8""]"
46e0fdf2-f905-4aaa-9c90-6a2619ce9f84.jpg,"[""1 0.5 0.5 0.7 0.7""	 ""0 0.5 0.5 0.8 0.8""]"
77795fa8-2a79-4933-8332-6e9afdaf6e3d.jpg,"[""1 0.5 0.5 0.7 0.7""	 ""0 0.5 0.5 0.8 0.8""]"
5b63b18c-6ad2-4e10-8204-ccd6d347ca34.jpg,"[""1 0.5 0.5 0.7 0.7""	 ""0 0.5 0.5 0.8 0.8""]"
4f5addd0-fb83-4db3-b789-c9c0f0784e9e.jpg,"[""1 0.5 0.5 0.7 0.7""	 ""0 0.5 0.5 0.8 0.8""]"
407570e1-d2a3-40fb-a3b5-5cc8945e6456.jpg,"[""1 0.5 0.5 0.7 0.7""	 ""0 0.5 0.5 0.8 0.8""]"
60042e98-cd59-4b9f-ad54-00578184c5be.jpg,"[""1 0.5 0.5 0.7 0.7""	 ""0 0.5 0.5 0.8 0.8""]"
6a6280ec-a36f-4b6f-ad46-28e8fb7dd1e5.jpg,"[""1 0.5 0.5 0.7 0.7""	 ""0 0.5 0.5 0.8 0.8""]"
d9c3eda9-a75c-41ca-a536-859bc9de71ad.jpg,"[""1 0.5 0.5 0.7 0.7""	 ""0 0.5 0.5 0.8 0.8""]"
91af8962-de14-4c0a-8b44-3ddc6572e195.jpg,"[""1 0.5 0.5 0.7 0.7""	 ""0 0.5 0.5 0.8 0.8""]"
56d328c9-431e-4cb4-988f-8be7725f3a55.jpg,"[""1 0.5 0.5 0.7 0.7""	 ""0 0.5 0.5 0.8 0.8""]"
7ae25df9-12e6-4f2f-ad15-aa5d2d381ce1.jpg,"[""1 0.5 0.5 0.7 0.7""	 ""0 0.5 0.5 0.8 0.8""]"
119c5827-cf06-455b-ad32-3d964220908c.jpg,"[""1 0.5 0.5 0.7 0.7""	 ""0 0.5 0.5 0.8 0.8""]"
149d4bc4-2692-47ee-8cd6-50c72b9306a7.jpg,"[""1 0.5 0.5 0.7 0.7""	 ""0 0.5 0.5 0.8 0.8""]"
375091f0-e562-4964-b193-559e0cfb7fcc.jpg,"[""1 0.5 0.5 0.7 0.7""	 ""0 0.5 0.5 0.8 0.8""]"
52e92151-04f9-4011-861c-b7b50f56ebdf.jpg,"[""1 0.5 0.5 0.7 0.7""	 ""0 0.5 0.5 0.8 0.8""]"
92dbce42-1a0b-4e6e-b474-29992cb4a29f.jpg,"[""1 0.5 0.5 0.7 0.7""	 ""0 0.5 0.5 0.8 0.8""]"
95877af1-fad0-458d-beb9-cd4d058e4e3f.jpg,"[""1 0.5 0.5 0.7 0.7""	 ""0 0.5 0.5 0.8 0.8""]"
1c5286e6-82a9-4b0c-87fd-a3f6f7bcf766.jpg,"[""1 0.5 0.5 0.7 0.7""	 ""0 0.5 0.5 0.8 0.8""]"
b1496858-6813-44da-8d9e-c78c0cb525a1.jpg,"[""1 0.5 0.5 0.7 0.7""	 ""0 0.5 0.5 0.8 0.8""]"
064a0bc1-7d38-4e9a-89c3-8f4c399982c0.jpg,"[""1 0.5 0.5 0.7 0.7""	 ""0 0.5 0.5 0.8 0.8""]"
7d514362-f929-423c-8b15-4e4c7a3ac94c.jpg,"[""1 0.5 0.5 0.7 0.7""	 ""0 0.5 0.5 0.8 0.8""]"
e80b85b4-c172-4f6b-bbee-81641c1f082b.jpg,"[""1 0.5 0.5 0.7 0.7""	 ""0 0.5 0.5 0.8 0.8""]"
b756b465-907c-46d4-98c6-aefacc6ed6db.jpg,"[""1 0.5 0.5 0.7 0.7""	 ""0 0.5 0.5 0.8 0.8""]"
22b5dc08-37e1-4055-9477-141a00955a51.jpg,"[""1 0.5 0.5 0.7 0.7""	 ""0 0.5 0.5 0.8 0.8""]"
fc0cfd09-6eac-4cd6-bde9-a0c8c9c3e365.jpg,"[""1 0.5 0.5 0.7 0.7""	 ""0 0.5 0.5 0.8 0.8""]"
ef2876be-86f3-4812-a165-5b12720e231d.jpg,"[""1 0.5 0.5 0.7 0.7""	 ""0 0.5 0.5 0.8 0.8""]"
45eaaa65-9a1e-4d79-a7ed-0e3e6b7dc007.jpg,"[""1 0.5 0.5 0.7 0.7""	 ""0 0.5 0.5 0.8 0.8""]"
12ce2ee5-e724-4fa2-97ca-7d6a6a693ef7.jpg,"[""1 0.5 0.5 0.7 0.7""	 ""0 0.5 0.5 0.8 0.8""]"
f65c60eb-2e6b-42b4-bfc6-6a34956b3336.jpg,"[""1 0.5 0.5 0.7 0.7""	 ""0 0.5 0.5 0.8 0.8""]"
65dc5f5d-4416-4a27-95fe-8b8c61b622b0.jpg,"[""1 0.5 0.5 0.7 0.7""	 ""0 0.5 0.5 0.8 0.8""]"
2c70df56-4bab-4bf2-b44d-f23d6095cab3.jpg,"[""1 0.5 0.5 0.7 0.7""	 ""0 0.5 0.5 0.8 0.8""]"
80fbf995-6e9b-4e18-b193-06bdb8f6aeb5.jpg,"[""1 0.5 0.5 0.7 0.7""	 ""0 0.5 0.5 0.8 0.8""]"
989e536f-b6a0-4a54-ac73-e42c1d6d4b09.jpg,"[""1 0.5 0.5 0.7 0.7""	 ""0 0.5 0.5 0.8 0.8""]"
a9245b33-5106-446c-a873-4da9aca3ff2e.jpg,"[""1 0.5 0.5 0.7 0.7""	 ""0 0.5 0.5 0.8 0.8""]"
9934f1b9-f74e-4ab2-8be4-e7a4003f46dd.jpg,"[""1 0.5 0.5 0.7 0.7""	 ""0 0.5 0.5 0.8 0.8""]"
7bc6f3b0-81ac-46e0-88df-1132655265fd.jpg,"[""1 0.5 0.5 0.7 0.7""	 ""0 0.5 0.5 0.8 0.8""]"
28d83b39-4c97-4c47-9389-64c86b9e59f0.jpg,"[""1 0.5 0.5 0.7 0.7""	 ""0 0.5 0.5 0.8 0.8""]"
42cc0eac-b61f-41d6-8029-865b5a4e84a7.jpg,"[""1 0.5 0.5 0.7 0.7""	 ""0 0.5 0.5 0.8 0.8""]"
2373492b-2f40-4c88-b93f-631872ae67ef.jpg,"[""1 0.5 0.5 0.7 0.7""	 ""0 0.5 0.5 0.8 0.8""]"
50d5ac08-587f-4e43-b7cf-3552efc5f08f.jpg,"[""1 0.5 0.5 0.7 0.7""	 ""0 0.5 0.5 0.8 0.8""]"
768309eb-0e7d-4c80-bcf1-a6fb2460e8be.jpg,"[""1 0.5 0.5 0.7 0.7""	 ""0 0.5 0.5 0.8 0.8""]"
05936a87-1f58-4f1a-a29f-d7e3d2f3a17e.jpg,"[""1 0.5 0.5 0.7 0.7""	 ""0 0.5 0.5 0.8 0.8""]"
c98b24e9-5302-47ca-8d04-8e60c9709b02.jpg,"[""1 0.5 0.5 0.7 0.7""	 ""0 0.5 0.5 0.8 0.8""]"
6d42f0c1-38d6-4d64-87d5-d770be6759c3.jpg,"[""1 0.5 0.5 0.7 0.7""	 ""0 0.5 0.5 0.8 0.8""]"
c0e0131b-9be3-4ef8-805f-e964061859a0.jpg,"[""1 0.5 0.5 0.7 0.7""	 ""0 0.5 0.5 0.8 0.8""]"
617712f9-3c7f-4073-b0e5-e2ca335ad365.jpg,"[""1 0.5 0.5 0.7 0.7""	 ""0 0.5 0.5 0.8 0.8""]"
5d0e4dac-dc96-4af8-8332-2fdfca58582e.jpg,"[""1 0.5 0.5 0.7 0.7""	 ""0 0.5 0.5 0.8 0.8""]"
787db948-c26a-4be7-9aba-1e273ec3da68.jpg,"[""1 0.5 0.5 0.7 0.7""	 ""0 0.5 0.5 0.8 0.8""]"
429e814d-4f00-4bec-bb29-6bff6ccbb393.jpg,"[""1 0.5 0.5 0.7 0.7""	 ""0 0.5 0.5 0.8 0.8""]"
0e8c4d03-f324-48f0-92aa-54f7a074f34a.jpg,"[""1 0.5 0.5 0.7 0.7""	 ""0 0.5 0.5 0.8 0.8""]"
35d9c220-9ce1-486a-9e46-09ab489a0433.jpg,"[""1 0.5 0.5 0.7 0.7""	 ""0 0.5 0.5 0.8 0.8""]"
59bedf62-75ef-4e27-b3b7-ad782c7de4ca.jpg,"[""1 0.5 0.5 0.7 0.7""	 ""0 0.5 0.5 0.8 0.8""]"
ff517244-94a2-40c1-97e2-ed853da887d1.jpg,"[""1 0.5 0.5 0.7 0.7""	 ""0 0.5 0.5 0.8 0.8""]"
706e1e82-4f0c-4675-b775-713050003179.jpg,"[""1 0.5 0.5 0.7 0.7""	 ""0 0.5 0.5 0.8 0.8""]"
4c653c59-5e6e-4e09-9aed-769b6fc34643.jpg,"[""1 0.5 0.5 0.7 0.7""	 ""0 0.5 0.5 0.8 0.8""]"
715ad590-f93a-4c62-9103-0e9aa528a375.jpg,"[""1 0.5 0.5 0.7 0.7""	 ""0 0.5 0.5 0.8 0.8""]"
1c3cb8bd-d72d-4db6-9117-31db4cab36a2.jpg,"[""1 0.5 0.5 0.7 0.7""	 ""0 0.5 0.5 0.8 0.8""]"
c7823a17-8d4a-4856-987d-75b632abe991.jpg,"[""1 0.5 0.5 0.7 0.7""	 ""0 0.5 0.5 0.8 0.8""]"
606bffeb-d656-4ca3-9b9b-d7fd6e7f934f.jpg,"[""1 0.5 0.5 0.7 0.7""	 ""0 0.5 0.5 0.8 0.8""]"
549daff1-86b5-4d53-9133-43cf35b0662d.jpg,"[""1 0.5 0.5 0.7 0.7""	 ""0 0.5 0.5 0.8 0.8""]"
e4ebd675-df87-4588-b341-7319d5d802a0.jpg,"[""1 0.5 0.5 0.7 0.7""	 ""0 0.5 0.5 0.8 0.8""]"
47602700-d76c-4c41-af7a-8cf384d6168f.jpg,"[""1 0.5 0.5 0.7 0.7""	 ""0 0.5 0.5 0.8 0.8""]"
bedee294-31a6-4a29-9c8e-61a65a202948.jpg,"[""1 0.5 0.5 0.7 0.7""	 ""0 0.5 0.5 0.8 0.8""]"
7d1f44db-a1ff-4d73-9b8b-58229012d815.jpg,"[""1 0.5 0.5 0.7 0.7""	 ""0 0.5 0.5 0.8 0.8""]"
e5cec253-1a7d-4a3d-a89a-1ea6cb41b813.jpg,"[""1 0.5 0.5 0.7 0.7""	 ""0 0.5 0.5 0.8 0.8""]"
59473ecf-2dbb-4dc0-ab1a-b72d5db10ab3.jpg,"[""1 0.5 0.5 0.7 0.7""	 ""0 0.5 0.5 0.8 0.8""]"
2056f4e3-b342-4a14-a134-27dfc05ab9d2.jpg,"[""1 0.5 0.5 0.7 0.7""	 ""0 0.5 0.5 0.8 0.8""]"
2abab4a3-4d74-4e15-ab4c-0cb74f9c9aac.jpg,"[""1 0.5 0.5 0.7 0.7""	 ""0 0.5 0.5 0.8 0.8""]"
39652d08-28ef-4b43-ba09-0602fc08af76.jpg,"[""1 0.5 0.5 0.7 0.7""	 ""0 0.5 0.5 0.8 0.8""]"
9480773b-67dd-40f2-9695-a30f8b091d07.jpg,"[""1 0.5 0.5 0.7 0.7""	 ""0 0.5 0.5 0.8 0.8""]"
c6e2a248-625d-4433-bf81-8ae13860e0c9.jpg,"[""1 0.5 0.5 0.7 0.7""	 ""0 0.5 0.5 0.8 0.8""]"
f2496797-678b-40a3-9227-e04447ee8820.jpg,"[""1 0.5 0.5 0.7 0.7""	 ""0 0.5 0.5 0.8 0.8""]"
bf4bc5ae-a282-4587-a016-77ced9e66eba.jpg,"[""1 0.5 0.5 0.7 0.7""	 ""0 0.5 0.5 0.8 0.8""]"
ca59bc19-bf51-4578-bc9b-98c71451bb0c.jpg,"[""1 0.5 0.5 0.7 0.7""	 ""0 0.5 0.5 0.8 0.8""]"
079ee2bd-e479-42a6-85ef-5e0e05fceadf.jpg,"[""1 0.5 0.5 0.7 0.7""	 ""0 0.5 0.5 0.8 0.8""]"
c33ec37b-63d5-4b43-bb43-0afc051f511e.jpg,"[""1 0.5 0.5 0.7 0.7""	 ""0 0.5 0.5 0.8 0.8""]"
fd4cddd5-d7a6-4d45-9c39-29fee5263474.jpg,"[""1 0.5 0.5 0.7 0.7""	 ""0 0.5 0.5 0.8 0.8""]"
c36381ff-cdb0-4496-ac0e-59bc91a0bee7.jpg,"[""1 0.5 0.5 0.7 0.7""	 ""0 0.5 0.5 0.8 0.8""]"
a5e4e5bf-69a3-4407-bf41-2d7bfcc2275c.jpg,"[""1 0.5 0.5 0.7 0.7""	 ""0 0.5 0.5 0.8 0.8""]"
6290b6e4-7be4-43b2-9769-fb98e1511856.jpg,"[""1 0.5 0.5 0.7 0.7""	 ""0 0.5 0.5 0.8 0.8""]"
c050051e-625c-4fa6-80c6-a584cdc14f05.jpg,"[""1 0.5 0.5 0.7 0.7""	 ""0 0.5 0.5 0.8 0.8""]"
5e0013c0-6abe-48c5-b85a-2145437b8a81.jpg,"[""1 0.5 0.5 0.7 0.7""	 ""0 0.5 0.5 0.8 0.8""]"
1a2d51aa-deee-494d-986a-fe30cf0a3814.jpg,"[""1 0.5 0.5 0.7 0.7""	 ""0 0.5 0.5 0.8 0.8""]"
04256319-f009-4bcd-a431-869923e2d6ac.jpg,"[""1 0.5 0.5 0.7 0.7""	 ""0 0.5 0.5 0.8 0.8""]"
f830e918-4250-4001-bfbd-0bacfa6ceb55.jpg,"[""1 0.5 0.5 0.7 0.7""	 ""0 0.5 0.5 0.8 0.8""]"
4a53752c-da41-4f4d-be53-1f779edeb0e3.jpg,"[""1 0.5 0.5 0.7 0.7""	 ""0 0.5 0.5 0.8 0.8""]"
e6c53818-da2e-4e0c-9de6-52bc3dbd6ae3.jpg,"[""1 0.5 0.5 0.7 0.7""	 ""0 0.5 0.5 0.8 0.8""]"
f91ac0ec-fa4c-4505-baab-eccc460c3578.jpg,"[""1 0.5 0.5 0.7 0.7""	 ""0 0.5 0.5 0.8 0.8""]"
45274a64-2ee9-4059-a7b8-07c0f74460c5.jpg,"[""1 0.5 0.5 0.7 0.7""	 ""0 0.5 0.5 0.8 0.8""]"
48ec82c2-30fe-44b7-8e5f-168b3eee9cb0.jpg,"[""1 0.5 0.5 0.7 0.7""	 ""0 0.5 0.5 0.8 0.8""]"
5e0fbf29-edc1-44ed-bba0-8074b708dc98.jpg,"[""1 0.5 0.5 0.7 0.7""	 ""0 0.5 0.5 0.8 0.8""]"
0cfc376a-c77c-4f9d-9ae4-d6cfcf252879.jpg,"[""1 0.5 0.5 0.7 0.7""	 ""0 0.5 0.5 0.8 0.8""]"
7962aca4-ac33-4a94-8b52-6c6838c28876.jpg,"[""1 0.5 0.5 0.7 0.7""	 ""0 0.5 0.5 0.8 0.8""]"
49e30e2a-b588-42f8-9e35-398b09bdcc31.jpg,"[""1 0.5 0.5 0.7 0.7""	 ""0 0.5 0.5 0.8 0.8""]"
6667dc4b-18a3-4b34-b887-2bc9ae5c085a.jpg,"[""1 0.5 0.5 0.7 0.7""	 ""0 0.5 0.5 0.8 0.8""]"
f7934d50-cac2-4d1e-affb-d7002001660b.jpg,"[""1 0.5 0.5 0.7 0.7""	 ""0 0.5 0.5 0.8 0.8""]"
dd39abd6-3958-48b7-82ba-7a9fa7116bb4.jpg,"[""1 0.5 0.5 0.7 0.7""	 ""0 0.5 0.5 0.8 0.8""]"
8fd5d081-544a-4959-b3c3-970d3e2777ea.jpg,"[""1 0.5 0.5 0.7 0.7""	 ""0 0.5 0.5 0.8 0.8""]"
7f387841-5072-4817-8ad6-9ce93b0ca7d2.jpg,"[""1 0.5 0.5 0.7 0.7""	 ""0 0.5 0.5 0.8 0.8""]"
dc1f1195-ea79-4e32-a04a-3f7a095fe31a.jpg,"[""1 0.5 0.5 0.7 0.7""	 ""0 0.5 0.5 0.8 0.8""]"
bcbc9b9a-6947-407a-bfc5-9499639b1990.jpg,"[""1 0.5 0.5 0.7 0.7""	 ""0 0.5 0.5 0.8 0.8""]"
cb01acdb-dd6b-4b78-bfbd-82cc0224d6b3.jpg,"[""1 0.5 0.5 0.7 0.7""	 ""0 0.5 0.5 0.8 0.8""]"
c48bc5ee-0815-410f-b4d9-237bffa3598f.jpg,"[""1 0.5 0.5 0.7 0.7""	 ""0 0.5 0.5 0.8 0.8""]"
b8f7462e-c381-4b17-a2d3-21bd072567c2.jpg,"[""1 0.5 0.5 0.7 0.7""	 ""0 0.5 0.5 0.8 0.8""]"
f8096505-dbb2-4596-95f1-ff7c0579570a.jpg,"[""1 0.5 0.5 0.7 0.7""	 ""0 0.5 0.5 0.8 0.8""]"
6fc8f225-1b41-4145-bd76-2922cebb6d51.jpg,"[""1 0.5 0.5 0.7 0.7""	 ""0 0.5 0.5 0.8 0.8""]"
e55cd69d-f869-4d4d-b7eb-f5ba1113860d.jpg,"[""1 0.5 0.5 0.7 0.7""	 ""0 0.5 0.5 0.8 0.8""]"
3bb936c3-efdd-4dda-acf8-99b451450bf1.jpg,"[""1 0.5 0.5 0.7 0.7""	 ""0 0.5 0.5 0.8 0.8""]"
155668b6-23e6-43e4-a19d-d9f11ede8e7e.jpg,"[""1 0.5 0.5 0.7 0.7""	 ""0 0.5 0.5 0.8 0.8""]"
ee2ca8aa-db7f-4ae9-8f8c-ec95cdd06cd1.jpg,"[""1 0.5 0.5 0.7 0.7""	 ""0 0.5 0.5 0.8 0.8""]"
4988d726-04c4-4146-8e8b-3ccb8496b7bd.jpg,"[""1 0.5 0.5 0.7 0.7""	 ""0 0.5 0.5 0.8 0.8""]"
31a1f9b3-6a0f-424d-b951-ec6aac0242db.jpg,"[""1 0.5 0.5 0.7 0.7""	 ""0 0.5 0.5 0.8 0.8""]"
b1298021-83f1-4f7e-a695-5e8302733e06.jpg,"[""1 0.5 0.5 0.7 0.7""	 ""0 0.5 0.5 0.8 0.8""]"
384849e0-47c2-40ec-846c-998c90c2dfab.jpg,"[""1 0.5 0.5 0.7 0.7""	 ""0 0.5 0.5 0.8 0.8""]"
cea6aa8d-9434-4ae6-a884-7f6e2b4383f3.jpg,"[""1 0.5 0.5 0.7 0.7""	 ""0 0.5 0.5 0.8 0.8""]"
83f69071-4c32-4b86-b788-7b3635b78c6c.jpg,"[""1 0.5 0.5 0.7 0.7""	 ""0 0.5 0.5 0.8 0.8""]"
4cd43f66-7267-4995-b272-2f284cda1994.jpg,"[""1 0.5 0.5 0.7 0.7""	 ""0 0.5 0.5 0.8 0.8""]"
d0f21a5d-fa91-4f66-92dd-958b5a7d8af1.jpg,"[""1 0.5 0.5 0.7 0.7""	 ""0 0.5 0.5 0.8 0.8""]"
1139a282-2c81-4dec-95e8-94601ee52512.jpg,"[""1 0.5 0.5 0.7 0.7""	 ""0 0.5 0.5 0.8 0.8""]"
73abbf9d-7c5f-498f-b6cb-8b8b46c61664.jpg,"[""1 0.5 0.5 0.7 0.7""	 ""0 0.5 0.5 0.8 0.8""]"
ef59ac57-94ae-44ae-969b-1ef5934f7d88.jpg,"[""1 0.5 0.5 0.7 0.7""	 ""0 0.5 0.5 0.8 0.8""]"
a3c25eff-d1e3-4730-9e66-273e574298a1.jpg,"[""1 0.5 0.5 0.7 0.7""	 ""0 0.5 0.5 0.8 0.8""]"
7d00b899-d60e-4ec1-a144-3c048ea5363e.jpg,"[""1 0.5 0.5 0.7 0.7""	 ""0 0.5 0.5 0.8 0.8""]"
0f540f42-b5d5-46ab-9d66-71a6dc7b1d75.jpg,"[""1 0.5 0.5 0.7 0.7""	 ""0 0.5 0.5 0.8 0.8""]"
0c0bc268-a1e8-44c0-922b-d918db8554f4.jpg,"[""1 0.5 0.5 0.7 0.7""	 ""0 0.5 0.5 0.8 0.8""]"
e1295bfc-509e-4eee-aecb-3ffc7b0df822.jpg,"[""1 0.5 0.5 0.7 0.7""	 ""0 0.5 0.5 0.8 0.8""]"
0a635af6-42d7-4614-bd6b-fa77f4b9735f.jpg,"[""1 0.5 0.5 0.7 0.7""	 ""0 0.5 0.5 0.8 0.8""]"
8ba3da33-26d8-445a-8b8d-0340b5af7727.jpg,"[""1 0.5 0.5 0.7 0.7""	 ""0 0.5 0.5 0.8 0.8""]"
b6ca8cc7-1df6-4773-ad59-75994265253c.jpg,"[""1 0.5 0.5 0.7 0.7""	 ""0 0.5 0.5 0.8 0.8""]"
887b52b2-9b9c-4b63-93a3-1435f803f933.jpg,"[""1 0.5 0.5 0.7 0.7""	 ""0 0.5 0.5 0.8 0.8""]"
74e6a5f0-c211-4dbc-99d1-2b542ba9a40d.jpg,"[""1 0.5 0.5 0.7 0.7""	 ""0 0.5 0.5 0.8 0.8""]"
90477852-5a27-4617-884a-647f8c72c229.jpg,"[""1 0.5 0.5 0.7 0.7""	 ""0 0.5 0.5 0.8 0.8""]"
02e49716-6784-4623-8f4b-90120224ac29.jpg,"[""1 0.5 0.5 0.7 0.7""	 ""0 0.5 0.5 0.8 0.8""]"
98df21ac-6986-45a5-b8b3-e7618db62657.jpg,"[""1 0.5 0.5 0.7 0.7""	 ""0 0.5 0.5 0.8 0.8""]"
8332771c-4316-4746-83b9-5ef846427df8.jpg,"[""1 0.5 0.5 0.7 0.7""	 ""0 0.5 0.5 0.8 0.8""]"
a2563b93-f5f8-41f2-92a9-c6b6cdc96356.jpg,"[""1 0.5 0.5 0.7 0.7""	 ""0 0.5 0.5 0.8 0.8""]"
d5bcabd6-503e-4e99-9fbc-aacae927a461.jpg,"[""1 0.5 0.5 0.7 0.7""	 ""0 0.5 0.5 0.8 0.8""]"
e575444f-9de9-4f52-866b-a055b1fc0f9e.jpg,"[""1 0.5 0.5 0.7 0.7""	 ""0 0.5 0.5 0.8 0.8""]"
f9ed7ca5-8dac-4e39-9392-f0c1dad13b1c.jpg,"[""1 0.5 0.5 0.7 0.7""	 ""0 0.5 0.5 0.8 0.8""]"
c2000d8f-55a5-4632-abef-ee80bc7a4141.jpg,"[""1 0.5 0.5 0.7 0.7""	 ""0 0.5 0.5 0.8 0.8""]"
f0791b69-5d97-41a8-bcfc-9343e6787a48.jpg,"[""1 0.5 0.5 0.7 0.7""	 ""0 0.5 0.5 0.8 0.8""]"
07697da9-ba46-4b46-9e48-5443a190d8a6.jpg,"[""1 0.5 0.5 0.7 0.7""	 ""0 0.5 0.5 0.8 0.8""]"
235ce738-cbd3-43a6-8637-103fd6fce2a9.jpg,"[""1 0.5 0.5 0.7 0.7""	 ""0 0.5 0.5 0.8 0.8""]"
31babb72-3a3b-4cb7-87ac-2aeb6446d131.jpg,"[""1 0.5 0.5 0.7 0.7""	 ""0 0.5 0.5 0.8 0.8""]"
964ec068-1f19-4f56-ac41-ae547cef4f37.jpg,"[""1 0.5 0.5 0.7 0.7""	 ""0 0.5 0.5 0.8 0.8""]"
5a58bbe9-125a-4193-b60b-3a76a9a7b03f.jpg,"[""1 0.5 0.5 0.7 0.7""	 ""0 0.5 0.5 0.8 0.8""]"
b1a89d41-d9dc-4962-9cf8-d680991dfe0f.jpg,"[""1 0.5 0.5 0.7 0.7""	 ""0 0.5 0.5 0.8 0.8""]"
6422395b-e58b-48e4-b035-811c6405314d.jpg,"[""1 0.5 0.5 0.7 0.7""	 ""0 0.5 0.5 0.8 0.8""]"
0a9e90c1-c924-4176-bcca-99b83d7610db.jpg,"[""1 0.5 0.5 0.7 0.7""	 ""0 0.5 0.5 0.8 0.8""]"
ed0130ef-f635-4bb9-a397-7fc168a454e9.jpg,"[""1 0.5 0.5 0.7 0.7""	 ""0 0.5 0.5 0.8 0.8""]"
bf4d9cbe-9596-414e-aecb-c949d55ee93e.jpg,"[""1 0.5 0.5 0.7 0.7""	 ""0 0.5 0.5 0.8 0.8""]"
720afaaa-91d7-4e47-ae93-93fa0d924084.jpg,"[""1 0.5 0.5 0.7 0.7""	 ""0 0.5 0.5 0.8 0.8""]"
69529b95-b6ef-4493-b182-51c4150c6368.jpg,"[""1 0.5 0.5 0.7 0.7""	 ""0 0.5 0.5 0.8 0.8""]"
a0e51954-73fb-435d-9c01-dce7fe0846ff.jpg,"[""1 0.5 0.5 0.7 0.7""	 ""0 0.5 0.5 0.8 0.8""]"
a6f03596-713d-457f-b94e-62b42aacfb50.jpg,"[""1 0.5 0.5 0.7 0.7""	 ""0 0.5 0.5 0.8 0.8""]"
375dd7bb-0524-4f5c-8254-b53de559f121.jpg,"[""1 0.5 0.5 0.7 0.7""	 ""0 0.5 0.5 0.8 0.8""]"
63162b0a-d62f-4c13-82cf-c2c5cdb7f595.jpg,"[""1 0.5 0.5 0.7 0.7""	 ""0 0.5 0.5 0.8 0.8""]"
682973d3-022b-499e-80d2-e24370b090fd.jpg,"[""1 0.5 0.5 0.7 0.7""	 ""0 0.5 0.5 0.8 0.8""]"
e15c2bb7-d6ea-4d2b-b95b-7ad7774f909c.jpg,"[""1 0.5 0.5 0.7 0.7""	 ""0 0.5 0.5 0.8 0.8""]"
d7e7e9ee-f7ee-4430-8ea3-2f3c28a905dc.jpg,"[""1 0.5 0.5 0.7 0.7""	 ""0 0.5 0.5 0.8 0.8""]"
a62d745c-8345-4048-be19-bf960fdd132b.jpg,"[""1 0.5 0.5 0.7 0.7""	 ""0 0.5 0.5 0.8 0.8""]"
06ef9362-9392-4035-8977-2a163d3cc58e.jpg,"[""1 0.5 0.5 0.7 0.7""	 ""0 0.5 0.5 0.8 0.8""]"
c39688a8-1c49-46cc-a24a-c07f48713d75.jpg,"[""1 0.5 0.5 0.7 0.7""	 ""0 0.5 0.5 0.8 0.8""]"
3cf2e7cc-7822-4895-9967-c668e13a53dc.jpg,"[""1 0.5 0.5 0.7 0.7""	 ""0 0.5 0.5 0.8 0.8""]"
18e972c4-e15b-464e-a0bc-3dcc6ed02910.jpg,"[""1 0.5 0.5 0.7 0.7""	 ""0 0.5 0.5 0.8 0.8""]"
b60d1aab-3ea5-40d0-a170-b95398cf647f.jpg,"[""1 0.5 0.5 0.7 0.7""	 ""0 0.5 0.5 0.8 0.8""]"
5b263470-b153-45f7-b65b-6a1e080c6bb6.jpg,"[""1 0.5 0.5 0.7 0.7""	 ""0 0.5 0.5 0.8 0.8""]"
6b6dbb89-b85e-416e-81af-fc8696ca17f9.jpg,"[""1 0.5 0.5 0.7 0.7""	 ""0 0.5 0.5 0.8 0.8""]"
300dca19-0237-4acc-89b8-d3b765399cdd.jpg,"[""1 0.5 0.5 0.7 0.7""	 ""0 0.5 0.5 0.8 0.8""]"
1abe75ac-0ba2-47c9-9adb-a2aba62dc1bd.jpg,"[""1 0.5 0.5 0.7 0.7""	 ""0 0.5 0.5 0.8 0.8""]"
44bc98bc-eaea-427a-86cc-fa551aef5204.jpg,"[""1 0.5 0.5 0.7 0.7""	 ""0 0.5 0.5 0.8 0.8""]"
7d2c6f0d-00b6-44fa-8efd-9ab0a884b181.jpg,"[""1 0.5 0.5 0.7 0.7""	 ""0 0.5 0.5 0.8 0.8""]"
7eaacb24-13af-4472-b80f-880543963d1e.jpg,"[""1 0.5 0.5 0.7 0.7""	 ""0 0.5 0.5 0.8 0.8""]"
5d38db92-1082-4823-86cd-f4a910006935.jpg,"[""1 0.5 0.5 0.7 0.7""	 ""0 0.5 0.5 0.8 0.8""]"
99aa24e9-f99a-4e60-9317-cd2963f93310.jpg,"[""1 0.5 0.5 0.7 0.7""	 ""0 0.5 0.5 0.8 0.8""]"
08f131c1-1ccd-4daa-802b-4a0fddc58acc.jpg,"[""1 0.5 0.5 0.7 0.7""	 ""0 0.5 0.5 0.8 0.8""]"
2537ef55-5335-47e4-94aa-d8acfd1ef4e5.jpg,"[""1 0.5 0.5 0.7 0.7""	 ""0 0.5 0.5 0.8 0.8""]"
dde74e6e-ac6c-45f1-a912-45145ed1bf49.jpg,"[""1 0.5 0.5 0.7 0.7""	 ""0 0.5 0.5 0.8 0.8""]"
be5cba79-3997-46ba-a7ba-3b7eef30d0a5.jpg,"[""1 0.5 0.5 0.7 0.7""	 ""0 0.5 0.5 0.8 0.8""]"
ebbad4b1-6d0b-46fa-b2d0-047f810b0269.jpg,"[""1 0.5 0.5 0.7 0.7""	 ""0 0.5 0.5 0.8 0.8""]"
6f7bdb25-2ffd-4214-b063-3f5c08163613.jpg,"[""1 0.5 0.5 0.7 0.7""	 ""0 0.5 0.5 0.8 0.8""]"
a30d64b7-07df-4bdb-8637-d8de694cde1e.jpg,"[""1 0.5 0.5 0.7 0.7""	 ""0 0.5 0.5 0.8 0.8""]"
a11ab38a-c56c-4f83-943b-3750da8b71c6.jpg,"[""1 0.5 0.5 0.7 0.7""	 ""0 0.5 0.5 0.8 0.8""]"
fdfff71c-38cc-4b05-9558-1b5bdeb0e3e6.jpg,"[""1 0.5 0.5 0.7 0.7""	 ""0 0.5 0.5 0.8 0.8""]"
7e9d3d60-58fc-496c-9975-533bcb8fed9b.jpg,"[""1 0.5 0.5 0.7 0.7""	 ""0 0.5 0.5 0.8 0.8""]"
51b58fcc-33aa-4d1e-9bd1-2eacf81342fb.jpg,"[""1 0.5 0.5 0.7 0.7""	 ""0 0.5 0.5 0.8 0.8""]"
f08ff85c-90f1-4cef-a5df-7fe353f547d4.jpg,"[""1 0.5 0.5 0.7 0.7""	 ""0 0.5 0.5 0.8 0.8""]"
1287b558-8be1-45fb-9fa8-f6c3d4c1e24f.jpg,"[""1 0.5 0.5 0.7 0.7""	 ""0 0.5 0.5 0.8 0.8""]"
f430a63f-353f-4730-88d4-b76f943f4d17.jpg,"[""1 0.5 0.5 0.7 0.7""	 ""0 0.5 0.5 0.8 0.8""]"
1f669ae4-b39c-4ac2-bb20-d7f78dc337c0.jpg,"[""1 0.5 0.5 0.7 0.7""	 ""0 0.5 0.5 0.8 0.8""]"
385ed687-fd4e-4826-b7f7-610da6cfd10b.jpg,"[""1 0.5 0.5 0.7 0.7""	 ""0 0.5 0.5 0.8 0.8""]"
16ac077d-684e-4ecd-a2f1-62b7a32cefe2.jpg,"[""1 0.5 0.5 0.7 0.7""	 ""0 0.5 0.5 0.8 0.8""]"
ee4950d3-a2f7-49b3-8f97-4373875a2d08.jpg,"[""1 0.5 0.5 0.7 0.7""	 ""0 0.5 0.5 0.8 0.8""]"
c385c5aa-378b-4098-92f7-5c4db5c315e3.jpg,"[""1 0.5 0.5 0.7 0.7""	 ""0 0.5 0.5 0.8 0.8""]"
9946c2ec-b5cc-4576-b7ce-346e4a733a15.jpg,"[""1 0.5 0.5 0.7 0.7""	 ""0 0.5 0.5 0.8 0.8""]"
0bd09736-0d3f-4243-b184-957d8054a240.jpg,"[""1 0.5 0.5 0.7 0.7""	 ""0 0.5 0.5 0.8 0.8""]"
7d272a28-1749-4fca-8b2b-8ea4844db5e2.jpg,"[""1 0.5 0.5 0.7 0.7""	 ""0 0.5 0.5 0.8 0.8""]"
1e099974-f16c-49b7-b778-72c28599a620.jpg,"[""1 0.5 0.5 0.7 0.7""	 ""0 0.5 0.5 0.8 0.8""]"
5371c2f2-d206-4168-ae69-a3d11e38d89e.jpg,"[""1 0.5 0.5 0.7 0.7""	 ""0 0.5 0.5 0.8 0.8""]"
b011d34e-3dc5-4476-8c45-58cdb3807628.jpg,"[""1 0.5 0.5 0.7 0.7""	 ""0 0.5 0.5 0.8 0.8""]"
e5a0ed49-22e3-42e8-a26c-ad65b9344ddb.jpg,"[""1 0.5 0.5 0.7 0.7""	 ""0 0.5 0.5 0.8 0.8""]"
c80e6cfd-9139-44c2-abf2-02a7bf6c89b3.jpg,"[""1 0.5 0.5 0.7 0.7""	 ""0 0.5 0.5 0.8 0.8""]"
732569f6-23fa-4a81-b778-1df14d430555.jpg,"[""1 0.5 0.5 0.7 0.7""	 ""0 0.5 0.5 0.8 0.8""]"
221943f8-90d7-4ccf-9bbd-86db5baf2eed.jpg,"[""1 0.5 0.5 0.7 0.7""	 ""0 0.5 0.5 0.8 0.8""]"
2a2864d3-4f15-4854-b530-0ed35c2f4bd6.jpg,"[""1 0.5 0.5 0.7 0.7""	 ""0 0.5 0.5 0.8 0.8""]"
98ea23ac-35ce-4c2b-a09b-c62bc8edcf47.jpg,"[""1 0.5 0.5 0.7 0.7""	 ""0 0.5 0.5 0.8 0.8""]"
dcb05034-10ec-4a5b-ad30-08674c21d6f3.jpg,"[""1 0.5 0.5 0.7 0.7""	 ""0 0.5 0.5 0.8 0.8""]"
c2f9f1a2-91e3-4663-8bcf-9e7e3ecf9e5a.jpg,"[""1 0.5 0.5 0.7 0.7""	 ""0 0.5 0.5 0.8 0.8""]"
4bd973ad-296b-4db2-b261-e8ab3079e75b.jpg,"[""1 0.5 0.5 0.7 0.7""	 ""0 0.5 0.5 0.8 0.8""]"
55a763b1-d6b8-4b43-8742-3dfe794a972e.jpg,"[""1 0.5 0.5 0.7 0.7""	 ""0 0.5 0.5 0.8 0.8""]"
0a8ae376-6773-43df-934c-87c10e121348.jpg,"[""1 0.5 0.5 0.7 0.7""	 ""0 0.5 0.5 0.8 0.8""]"
7126c3ad-04a5-4971-8d44-f3c9ff1f3db1.jpg,"[""1 0.5 0.5 0.7 0.7""	 ""0 0.5 0.5 0.8 0.8""]"
c46ca1d5-b990-40f8-bdbd-623bcd31b341.jpg,"[""1 0.5 0.5 0.7 0.7""	 ""0 0.5 0.5 0.8 0.8""]"
ac42e648-803e-43f0-9d41-e9359066eb68.jpg,"[""1 0.5 0.5 0.7 0.7""	 ""0 0.5 0.5 0.8 0.8""]"
3d43d6d1-b0b0-4987-bf46-2e4b48b1f56c.jpg,"[""1 0.5 0.5 0.7 0.7""	 ""0 0.5 0.5 0.8 0.8""]"
045f78a0-3efa-433f-8536-1e4d1834577f.jpg,"[""1 0.5 0.5 0.7 0.7""	 ""0 0.5 0.5 0.8 0.8""]"
490426c6-d1b2-4b9c-8e4b-42f12744b149.jpg,"[""1 0.5 0.5 0.7 0.7""	 ""0 0.5 0.5 0.8 0.8""]"
149f3f8a-f6a0-4a05-8ed8-63bcd454f050.jpg,"[""1 0.5 0.5 0.7 0.7""	 ""0 0.5 0.5 0.8 0.8""]"
7f65d898-518a-4080-9528-48a2566ab3bd.jpg,"[""1 0.5 0.5 0.7 0.7""	 ""0 0.5 0.5 0.8 0.8""]"
bed31e80-9e58-4f5b-b483-84873259e644.jpg,"[""1 0.5 0.5 0.7 0.7""	 ""0 0.5 0.5 0.8 0.8""]"
9f94b428-a084-4812-8406-edbb69878e8b.jpg,"[""1 0.5 0.5 0.7 0.7""	 ""0 0.5 0.5 0.8 0.8""]"
cd54ca8f-e0d6-4283-89ef-3d828090163e.jpg,"[""1 0.5 0.5 0.7 0.7""	 ""0 0.5 0.5 0.8 0.8""]"
6526eb7b-ccc3-439d-b066-eb55c9818b81.jpg,"[""1 0.5 0.5 0.7 0.7""	 ""0 0.5 0.5 0.8 0.8""]"
3e727aea-df04-4758-bc60-7082a10d773e.jpg,"[""1 0.5 0.5 0.7 0.7""	 ""0 0.5 0.5 0.8 0.8""]"
07a25fce-a7fe-417c-8695-ff20bea00d3f.jpg,"[""1 0.5 0.5 0.7 0.7""	 ""0 0.5 0.5 0.8 0.8""]"
83333b22-167a-4c13-a234-19b2888b0f51.jpg,"[""1 0.5 0.5 0.7 0.7""	 ""0 0.5 0.5 0.8 0.8""]"
46e61ff7-1b1f-4e66-80b5-e392d6182ef5.jpg,"[""1 0.5 0.5 0.7 0.7""	 ""0 0.5 0.5 0.8 0.8""]"
2e016c8a-7d92-49ef-82bb-d51fb65f00c4.jpg,"[""1 0.5 0.5 0.7 0.7""	 ""0 0.5 0.5 0.8 0.8""]"
5868954c-b084-44a2-9eb2-e4ac7dc69e7c.jpg,"[""1 0.5 0.5 0.7 0.7""	 ""0 0.5 0.5 0.8 0.8""]"
2b28a624-e287-4525-aae0-8fb017e49d48.jpg,"[""1 0.5 0.5 0.7 0.7""	 ""0 0.5 0.5 0.8 0.8""]"
225d3c30-a523-4b8b-a4da-62d81ff6c329.jpg,"[""1 0.5 0.5 0.7 0.7""	 ""0 0.5 0.5 0.8 0.8""]"
a8677e01-9819-46f0-a23c-41572b811198.jpg,"[""1 0.5 0.5 0.7 0.7""	 ""0 0.5 0.5 0.8 0.8""]"
da66eff6-3120-4ea5-b32c-c7f3ccaf3f4a.jpg,"[""1 0.5 0.5 0.7 0.7""	 ""0 0.5 0.5 0.8 0.8""]"
ca4cf867-80a0-4d8f-9c54-cd1d9fbadb42.jpg,"[""1 0.5 0.5 0.7 0.7""	 ""0 0.5 0.5 0.8 0.8""]"
fdc57c6d-9202-4b7f-91a2-e2d555232438.jpg,"[""1 0.5 0.5 0.7 0.7""	 ""0 0.5 0.5 0.8 0.8""]"
7dc58eb2-9d37-4db5-858d-7551804cbd08.jpg,"[""1 0.5 0.5 0.7 0.7""	 ""0 0.5 0.5 0.8 0.8""]"
fbf56b27-269f-4c65-af53-97ad549f4efd.jpg,"[""1 0.5 0.5 0.7 0.7""	 ""0 0.5 0.5 0.8 0.8""]"
f23c3f01-67c3-470c-ae85-e67f65e6829e.jpg,"[""1 0.5 0.5 0.7 0.7""	 ""0 0.5 0.5 0.8 0.8""]"
247d2d67-d807-4098-aa33-62d1280d4c6a.jpg,"[""1 0.5 0.5 0.7 0.7""	 ""0 0.5 0.5 0.8 0.8""]"
60c64030-b431-4d1a-9f83-044a473e8e3b.jpg,"[""1 0.5 0.5 0.7 0.7""	 ""0 0.5 0.5 0.8 0.8""]"
83a8ed6a-05df-46b3-a41a-11f14548a109.jpg,"[""1 0.5 0.5 0.7 0.7""	 ""0 0.5 0.5 0.8 0.8""]"
68f98030-c02b-4efb-945e-165ba1d6724c.jpg,"[""1 0.5 0.5 0.7 0.7""	 ""0 0.5 0.5 0.8 0.8""]"
a72dfbf2-f8c8-40df-83ad-25056e9468b7.jpg,"[""1 0.5 0.5 0.7 0.7""	 ""0 0.5 0.5 0.8 0.8""]"
6dc19539-3d98-4435-a122-4225e194506c.jpg,"[""1 0.5 0.5 0.7 0.7""	 ""0 0.5 0.5 0.8 0.8""]"
